sample-id,depth-1_iter-1,depth-1_iter-2,depth-1_iter-3,depth-1_iter-4,depth-1_iter-5,depth-1_iter-6,depth-1_iter-7,depth-1_iter-8,depth-1_iter-9,depth-1_iter-10,depth-100_iter-1,depth-100_iter-2,depth-100_iter-3,depth-100_iter-4,depth-100_iter-5,depth-100_iter-6,depth-100_iter-7,depth-100_iter-8,depth-100_iter-9,depth-100_iter-10,depth-200_iter-1,depth-200_iter-2,depth-200_iter-3,depth-200_iter-4,depth-200_iter-5,depth-200_iter-6,depth-200_iter-7,depth-200_iter-8,depth-200_iter-9,depth-200_iter-10,depth-300_iter-1,depth-300_iter-2,depth-300_iter-3,depth-300_iter-4,depth-300_iter-5,depth-300_iter-6,depth-300_iter-7,depth-300_iter-8,depth-300_iter-9,depth-300_iter-10,depth-399_iter-1,depth-399_iter-2,depth-399_iter-3,depth-399_iter-4,depth-399_iter-5,depth-399_iter-6,depth-399_iter-7,depth-399_iter-8,depth-399_iter-9,depth-399_iter-10,depth-499_iter-1,depth-499_iter-2,depth-499_iter-3,depth-499_iter-4,depth-499_iter-5,depth-499_iter-6,depth-499_iter-7,depth-499_iter-8,depth-499_iter-9,depth-499_iter-10,depth-599_iter-1,depth-599_iter-2,depth-599_iter-3,depth-599_iter-4,depth-599_iter-5,depth-599_iter-6,depth-599_iter-7,depth-599_iter-8,depth-599_iter-9,depth-599_iter-10,depth-698_iter-1,depth-698_iter-2,depth-698_iter-3,depth-698_iter-4,depth-698_iter-5,depth-698_iter-6,depth-698_iter-7,depth-698_iter-8,depth-698_iter-9,depth-698_iter-10,depth-798_iter-1,depth-798_iter-2,depth-798_iter-3,depth-798_iter-4,depth-798_iter-5,depth-798_iter-6,depth-798_iter-7,depth-798_iter-8,depth-798_iter-9,depth-798_iter-10,depth-898_iter-1,depth-898_iter-2,depth-898_iter-3,depth-898_iter-4,depth-898_iter-5,depth-898_iter-6,depth-898_iter-7,depth-898_iter-8,depth-898_iter-9,depth-898_iter-10
L1S105,-0.0,-0.0,-0.0,-0.0,-0.0,-0.0,-0.0,-0.0,-0.0,-0.0,3.844054222925647,3.574318618842585,3.543341323340765,3.5248301443801897,3.7296557850476257,3.4227001502945424,3.2190451959829502,3.5762417522185777,3.317539584848184,3.6488378047761554,3.7942630900995047,3.894152993808652,3.6629876210406938,3.478165607666977,3.708811611406337,3.700649392948662,3.495954540465132,3.685474581834346,3.619475224689301,3.5272082295641636,3.6322787749709913,3.7994522877745034,3.703004731958091,3.7590224507881236,3.8715565744079625,3.7782319245928484,3.6304856179615514,3.7945931750944006,3.7788926192381807,3.9051941273586013,3.666522881087439,3.829931007182,3.8338934211774105,3.8202635614426206,3.6464257355345393,3.8206475065488146,3.732507210487793,3.80124289562946,3.731127201089827,3.8201436988235016,3.822106932320533,3.7512888423222335,3.8746110201109416,3.644432324281048,3.9044710539813527,3.92437979433944,3.910618285535402,3.7371704679801785,3.684326000530709,3.8610226049797753,3.636457250295428,3.721820173158384,3.6389025271104436,3.7887972187919896,3.9003365815074216,3.749161417534964,3.6226366075397456,3.7270743979676433,3.6632293838039063,3.8088985441120915,3.684229909564099,3.6614552273581915,3.6448538203948018,3.763202392282799,3.8517850471582515,3.955310074788149,3.71529723675871,3.661447312265308,3.7992233075981994,3.81803645979008,3.99825608772543,3.854352432286576,3.7718408599083597,3.7814639724858456,3.8667856475487583,3.892790870000675,3.7345835107022594,3.774229506317589,3.768991160950757,3.837012756167237,3.8531197231706207,3.803703528612851,3.843454577001841,3.74628337923049,3.891233866487286,3.8669086814756017,3.838494364914478,3.833254969860003,3.789181067307946,3.784837755893337
L1S140,-0.0,-0.0,-0.0,-0.0,-0.0,-0.0,-0.0,-0.0,-0.0,-0.0,3.4798555928097072,3.4511899700558404,3.7530632994435926,3.3647463674600635,3.2206776458224304,3.7484569873633378,3.4443578896463567,3.647466976036872,3.2999577952769963,3.4638305146934365,3.7004292731723543,3.6232837561391262,3.624351368664871,3.534022337551222,3.2216721023226484,3.6970602024375583,3.889971969288681,3.836306818263292,3.5928189472196568,3.676394380628639,3.779425754035986,3.7207086774795566,3.55767364508138,3.6927733126502655,3.660370230616766,3.7764806802011366,3.6817695580247793,3.8803188764636873,3.453292340918052,3.656986090669754,3.6517121228833695,3.7522095357477054,3.5121322797229837,3.8083028361269102,3.5883472646476875,3.8627443513514663,4.0903339701397785,3.742930827905381,3.7217515942464536,3.8463560922945286,3.651993043646225,3.6869815605571836,3.7804487246062792,3.6920480542139336,3.5667728197033,3.780313830743109,3.6401074300176472,3.756140605311366,3.645969899294104,3.654313614227159,3.711571803549158,3.7319956279538826,3.701541143795287,3.7794152993712884,3.859225175605264,3.8012033977933815,3.7397469668184784,3.673167038524519,3.7942105286547223,3.663884306158743,3.65460520156306,3.7252574695341267,3.787782955071897,3.6705349033464207,3.825836085685484,3.7229898691566894,3.8582649449621065,3.8815006795189313,3.8943328859938187,3.8398698265178766,3.892829390473184,3.730890768292415,3.837947941250871,3.8065217421327615,3.7611829847872857,3.8363201329042296,3.6637134360257897,3.834438223622542,3.7652532086567962,3.7742195118449215,3.862140412047377,3.8308993072333486,3.851642251225925,3.9419546131243584,3.82651041904994,3.733149660824626,3.8038025269807263,3.7364496632342687,3.8035735623698885,3.7969315357303626
L1S208,-0.0,-0.0,-0.0,-0.0,-0.0,-0.0,-0.0,-0.0,-0.0,-0.0,3.8455606901834383,4.3170113516283735,3.8790895567837635,4.005154493279536,3.963228910653071,4.093621313433698,4.213164544952169,4.139254563844433,3.6389194463141386,3.8852733980290495,4.105677440786713,3.9563529402810342,4.125507725065352,4.42587657608357,4.36291680703458,4.328401595367952,4.1679921583434245,4.0926979889951935,4.203100320706233,4.347985373734402,4.258663281635386,4.285416308579702,4.276275847974984,4.296082021098569,4.313665640685517,4.2230950327932515,4.2728841702130484,4.425665280013604,4.368204021719447,4.315545661861152,4.250393695940705,4.284968798959234,4.369248963265971,4.268855554278689,4.229807412941079,4.526029216337173,4.233140221096012,4.2794561285079435,4.4256129022949855,4.455282076278579,4.445558904892491,4.481043693103713,4.576485909634175,4.3884796649407765,4.30291216979176,4.5290495322882185,4.284643904793237,4.259525357722288,4.512526337097427,4.447777677478007,4.344180738472121,4.409818843136819,4.2450434196653495,4.4162026948374855,4.473512285596592,4.3761568874543375,4.4040057637429175,4.289721298012587,4.472518620022169,4.361301385871702,4.4120606506083355,4.5433466512260186,4.572161517980059,4.429671005583386,4.373624181501558,4.431495529725184,4.383198884096262,4.322777781784933,4.542190467383832,4.46514524891035,4.431524325564725,4.3873997683770565,4.572404853862106,4.544298119637885,4.299986830867468,4.49728369865811,4.42287111660092,4.452930668927468,4.561708213015518,4.423882721646391,4.492144574838797,4.451509473755108,4.430462488463034,4.411708242755314,4.49746613682872,4.451455219465785,4.437396834354132,4.380579457158792,4.420224954884766,4.381711962042944
L1S257,-0.0,-0.0,-0.0,-0.0,-0.0,-0.0,-0.0,-0.0,-0.0,-0.0,4.388407122080729,4.264751250210697,4.455365190096899,4.128241922505759,4.512481063606206,4.325893181699271,4.427059128341237,4.296041945386191,4.08414911252177,4.051022678114975,4.38829362085816,4.600356514929712,4.532691789248721,4.1658996851147725,4.62350992165904,4.526040468468664,4.398996939780026,4.293880888451411,4.501408972312837,4.5711127936612,4.449988868047575,4.766229801010954,4.610749695768964,4.353583725693788,4.6864930926006165,4.465460436182268,4.525516404669344,4.598587470275595,4.5063189797946634,4.494231494637213,4.6159589816962265,4.585151047722516,4.608228822042953,4.3627137658900335,4.4778738114920085,4.567699538371875,4.449852843935047,4.599889962591023,4.447768608046894,4.494741187624816,4.411471130470468,4.56241863114066,4.610942269072532,4.6083690334007805,4.664225744941861,4.3956131618874,4.6345755192502365,4.764863398870318,4.468929971487128,4.652390278457438,4.532760062568954,4.616640692508961,4.49628398724367,4.67678138978965,4.579160287569471,4.496228123327444,4.631726560161578,4.584837065669744,4.634899601668262,4.627484419941061,4.612288196793617,4.580209177421351,4.7002358414964505,4.603233014566365,4.596641710508397,4.640988771127113,4.447595483107817,4.553538456342478,4.5869719877666375,4.602585459331719,4.63783680777232,4.562263250473445,4.619838092305077,4.640904786251247,4.678258913226222,4.625431784192052,4.671885279121189,4.563970794737204,4.649653331355567,4.639535300071831,4.773222595977239,4.748668726784644,4.692027362559034,4.634570368328398,4.564426516506176,4.735131016316712,4.6663066957655195,4.6546176839192785,4.697699777088132,4.616535259608826
L1S281,-0.0,-0.0,-0.0,-0.0,-0.0,-0.0,-0.0,-0.0,-0.0,-0.0,3.5438729036049352,4.164618565527246,3.9321089318916385,3.8900083560449135,4.049450063930972,4.283130719473477,4.240944195342923,4.166335636652326,4.342406252561841,3.912335661445828,4.4961290280770605,4.324710039364806,4.22072785349114,4.3565295573559,4.384115211920974,4.16795828265932,4.461982544305783,4.424448814638738,4.649768265837012,4.3223822275347725,4.349274501666051,4.493792156454295,4.52260927103341,4.388733011798472,4.431798291033625,4.374622092100601,4.675195001498093,4.540436900984184,4.450696455582585,4.50904892324157,4.465568277204966,4.55999881667096,4.536951371751184,4.5016910740062785,4.492795675683085,4.681693842525381,4.3976956498526505,4.401237391350304,4.504080472021627,4.473228628739441,4.502564557258626,4.535710295452164,4.517236504741802,4.474734676095211,4.630644834671376,4.526826984173296,4.518325470483126,4.34803214973259,4.4169957075188275,4.560307937222421,4.537508822775691,4.495799914357584,4.468722827092513,4.564369530638047,4.670785468674131,4.579958085405899,4.484358390336946,4.444177317384468,4.600684310915391,4.375476244339912,4.588248753710067,4.583396453144959,4.537052697035599,4.419166527365876,4.486860966911644,4.519623519045692,4.465473203547266,4.593173180674332,4.448380009020051,4.522945332851103,4.412631477073129,4.6048781428037255,4.618952816023255,4.542957517406399,4.561875070085237,4.580809413397746,4.637214222556702,4.506890453375995,4.4977552200477655,4.6194553773224385,4.569046402598485,4.584116640315334,4.470231669249566,4.7117536749146405,4.5694281243176595,4.528452535639626,4.5208800029520315,4.6332705787131445,4.57324084194692,4.5071918905239405
L1S57,-0.0,-0.0,-0.0,-0.0,-0.0,-0.0,-0.0,-0.0,-0.0,-0.0,3.7845559105611497,4.1017410645993015,3.7057711008592613,3.788473152249793,3.6403457131184576,3.345686320989619,3.825180293853797,3.6969945392566848,3.724021514842663,4.130346127756555,3.9271393802266714,3.987802584876535,3.8756721796681353,4.194635418354345,3.7196875488532575,4.11159360726278,3.8865064274511423,4.063371910227468,3.9458122941483866,4.1899380526055765,4.118747047859049,3.8403104386636837,4.068424176021475,4.026539779644246,4.110693509727522,3.819749855160668,3.886695099507477,4.119715289990764,4.168382307286048,4.200964582899723,4.063823036817624,3.8730512679267837,4.2381215136119135,3.9761106731030513,4.078119644174965,4.088945778270376,4.000330758035635,4.024006306416449,3.969071401698951,3.960864693493237,4.162436091032458,4.276978218610649,3.99198269249901,4.139801209827823,4.062376047554412,4.086848771162609,4.12745376547722,4.08704298832766,4.0846892780504165,4.196390403093803,4.057538938044842,4.321699512859267,4.072038957775334,4.087050950390584,4.2360591051801775,4.024337719158988,4.1166044153647,4.100211194144888,4.112208339753437,4.0684447175122385,4.180540358050899,4.067585768543014,3.9566318411235857,3.9572532704416434,4.139617673426878,4.1488041504017135,4.0738350155582985,3.8764518239214096,4.101847457873368,4.202436783831058,4.1968036794568615,4.057167376626731,4.225171474513675,4.137685822939248,4.11913247503443,4.054383239932431,4.110906309599216,4.112356692114013,4.104593742402367,4.1058028264076025,4.149172869304366,4.105457334208019,4.2459768044440915,4.206075893455028,4.043543109223445,4.263172692086922,4.098698704305503,4.075221067749303,4.200162189056201,4.1688473860052
L1S76,-0.0,-0.0,-0.0,-0.0,-0.0,-0.0,-0.0,-0.0,-0.0,-0.0,2.9449388141473185,3.3666061094281807,3.127888717420007,2.984042327778296,3.3243340802559325,3.1479382739623394,3.342224933241132,3.303314522572149,2.6027666252784263,3.0066147768169933,3.4232970933094578,3.2380647302655863,3.2369579522278844,3.486543465199601,3.3262049264616746,3.3425566659234853,3.2441461287470603,3.3930099432925545,3.5699695499778583,3.3213075252286512,3.524004329614556,3.583670544577015,3.347407672126075,3.3741154534892868,3.4556144178350814,3.464646331580852,3.4191965537280757,3.5645492999614063,3.386406301164257,3.5013978440718336,3.486278851218645,3.6330026525888273,3.6566038287012868,3.4521909800745387,3.3790236363206767,3.5865618533699952,3.574232980345521,3.5312726779551142,3.640127864541849,3.3430291630826288,3.461502539373265,3.4676296197840326,3.4097960469187116,3.3728435566044843,3.5097537787217505,3.694139706794904,3.4341731766494794,3.4765299534434404,3.445575860751064,3.616768709679449,3.462928277264397,3.5196951635448315,3.624059055336438,3.6867356297928118,3.431889670256181,3.450502739981985,3.5843506332566304,3.5871289468925487,3.4406021104325486,3.5218308941785765,3.5354971232597525,3.5418688582195776,3.4376755901334746,3.692992497868044,3.616525019987938,3.6962920934130974,3.7460984496790037,3.6045402356401532,3.5183034437556207,3.651265818074626,3.596149654745553,3.5886165042876863,3.5413394321922524,3.607754769001677,3.5269525679622324,3.665165919414364,3.3651771828340924,3.5575489528634647,3.6712879317489415,3.557569973059369,3.547321198150683,3.559911776559882,3.5420690585380603,3.5125665903650565,3.5595426044364737,3.4889516501205295,3.5253076743482645,3.5893992556858976,3.550864953528562,3.466366344899257
L1S8,-0.0,-0.0,-0.0,-0.0,-0.0,-0.0,-0.0,-0.0,-0.0,-0.0,2.670725830159702,3.073109565205073,3.0548285077802118,2.398081563325201,3.094830901501634,2.6733932215987743,2.7601956221005906,3.3599818248344784,2.7288545800921584,2.8498589243328323,3.2203771466001774,2.844508830048438,3.2385495549366183,2.9734244107396117,3.2377604419478434,3.1676822419609785,2.8982586423066103,2.9284292017578304,2.7862324926573256,3.121460303565163,3.016116663478216,3.04279275738166,2.9786819360367023,3.138577507087112,3.016294136120042,3.1918213397808097,3.0878317811307827,3.2442827135292966,3.283263141633127,3.170495086024187,3.2038292499199432,3.0167524494092883,3.250972955738635,3.270717145920533,3.326815069727617,3.159579512749467,3.0495958460483505,3.0891083205639007,3.174621515162158,3.1894735495521735,3.084835128432148,3.1903890679376605,2.962703401425272,3.098654711413532,3.089290321074817,3.1604287462333547,3.1899430895203684,3.0880962018857776,2.9598526708285733,2.9972685434709065,3.2441601007077554,3.0689647357830343,2.9883583393399884,3.170035982063822,3.1047790678930056,3.049989123152601,3.3242476280863267,3.0225601945097957,3.1587515091886758,3.255362574643313,3.146122698643592,3.1812099997835865,3.047567686760003,3.1484828269606027,3.3180352839329847,3.093674695537433,3.1211856843478465,3.283107041051509,3.0389093322003307,3.2198082321206365,3.281459104381786,3.2677209428722187,3.08894499553648,3.0892505877851937,3.2500124564504373,3.1516413144407998,3.1162100707012903,3.2003293737471914,3.059973270528205,3.1708548113381085,3.1672359584080185,3.1568258377814797,3.0716989326356403,3.1748855698866767,3.1056886296397215,3.1148712360805275,3.1172474613229757,3.2251135995429707,3.1699993524748127,3.0901911353521263
L2S155,-0.0,-0.0,-0.0,-0.0,-0.0,-0.0,-0.0,-0.0,-0.0,-0.0,4.59310775637274,4.2418871606974,4.504534595855753,4.606394337823867,4.4494642854390705,4.4947866259872,4.5796597855256085,4.402075534727469,4.632212526156764,4.606586784511124,4.7312290636707575,4.633019288031879,4.954851424660934,4.589862738111089,4.631620761544932,4.945589780601762,4.821852489370602,4.925003524006092,4.964961529365229,4.769296651701627,4.780422972976045,4.8912210460116015,4.781036564724049,5.028560154985627,5.021023856272783,5.1005256656660745,5.024383674716146,4.875742480236888,4.969020934116367,4.818986862393858,4.816874834387588,4.979909880223016,4.948280271861434,4.877931749311606,4.9468261506761015,5.012369785891909,4.992937364717527,4.844515536813284,5.0017699634104416,4.821054514920434,5.094846767589367,5.0629551276699445,4.921354395706544,5.0439779947184595,5.023466871418572,4.825874224662988,4.8440559078891345,4.7907897375274535,4.9999561941545085,4.914919359867058,4.861858512150731,5.030661020907287,5.107092755721926,4.934107748884981,5.152887748896397,5.121971526318291,4.867160633586705,5.001536992815926,5.0921458587572985,4.936586131169807,5.001049756058998,5.060577424197894,5.041665176850239,5.0662623651698535,5.056426067271667,4.98523437409798,5.043375570388447,4.969284972520383,5.024872033731844,5.04476324070445,5.050995439253849,5.069273809948107,5.083630972104786,5.185781600586765,5.084326038485038,5.0176588313997055,5.134919811913138,5.050907138289249,4.901122604118174,5.081008545200298,5.079429341727885,5.043846555871641,5.045681213252184,4.9686893423837235,5.161250073527404,5.1507334607918605,4.9854187592897405,5.1879889426950285,5.063398925640727,5.022483130031524
L2S175,-0.0,-0.0,-0.0,-0.0,-0.0,-0.0,-0.0,-0.0,-0.0,-0.0,4.090786549357083,4.161839109018329,4.34095660801869,4.640944195342922,4.585276644872332,4.353946286763804,4.309939108523076,4.339108661042496,4.279308637654887,4.3122146185226615,4.866924688616422,4.577802841024038,4.584041521304927,4.3485305190877614,4.434961066235408,4.547999870331595,4.490005597625368,4.443435087733642,4.531916583198209,4.707459275206025,4.789335278196359,4.759340966050209,4.876429604936251,4.686581472442008,4.7584355877065745,4.6394664413811455,4.812622916428288,4.823599135570751,4.779589234239006,4.818523239224628,4.855757247646653,4.7187353491169715,4.5680297479891365,4.826761507162915,4.759288209692206,4.675426824967255,4.71875603252888,4.839439241344251,4.655552937197263,4.65675208066383,4.678006151435748,4.825139340358004,4.783481429094281,4.899207142162664,4.793352542254665,4.823780388379804,4.823221177015619,4.937261726776663,4.828313924041554,4.663271661010183,4.666806230936942,4.937008257238063,4.730908373116698,4.8207446772893645,4.906145346038018,4.812730776972593,4.9572353664819095,4.7262582471814225,4.775979362710694,4.874938662210614,4.837995396350479,4.80031905845215,4.7999625274602415,4.908796899232852,4.91376885979596,4.830596110031137,4.908697615782869,4.973537468359823,4.785123926057699,4.873908284357274,4.893000821090559,4.957801134314585,4.799072120680293,4.785768284086912,4.835476938234251,4.923145261506001,4.801062956508966,4.8914215493540665,4.853786667638327,4.918472978243021,4.880780487215648,4.919190214449959,4.8737841864648255,4.8658967217162665,4.878719951007244,4.882386372969838,4.86491997487714,4.907766674953336,4.834531608035791,4.9345125943022765
L2S204,-0.0,-0.0,-0.0,-0.0,-0.0,-0.0,-0.0,-0.0,-0.0,-0.0,2.940124838835165,3.57732065859684,4.090702634425776,3.63182353520086,3.3177809392987605,3.874648618592909,3.7442704404219143,3.4563073453579265,3.4056098728299453,3.94488945173324,3.6831084334757995,3.6121773038301765,3.7948650788585394,3.8032910455634665,3.9378437435039486,4.017605890085742,3.6000172408109288,4.009732357232753,3.941422749002912,3.9969987734160433,4.160678656621774,3.929955672004781,3.980072748223882,3.983735680926933,4.016874805582683,3.8673573561329473,4.297487256913271,3.812773112161655,4.158803037003048,4.231985011066215,4.276862481270753,4.113811654434558,4.367434655718313,3.9167608077632563,4.018641723103031,4.263588080133899,4.053202354054675,4.06637618241611,4.1098734798078365,4.0419763679556615,4.147369291061948,4.108077489634392,4.082247121704184,4.083364436669356,3.9531486734125534,4.212413708535347,4.147500750513084,3.9964795562929263,4.152260405884357,3.930256936025749,4.146709369442386,4.098333145098315,4.200851172053103,4.013214923667589,3.9733123039288407,3.9814155300830274,4.205451575618147,4.178014925787226,4.26801345747004,4.179746218287056,4.259948440650243,4.374561252309391,4.217263100311237,4.217432012597647,4.224241086163862,4.210827744676093,4.188668332151061,4.128087153232064,4.168922460443558,4.180941690792508,4.10232459819435,4.07465263488021,4.250722507232497,3.9851623920893133,4.071902418136876,4.255086958521436,4.15530614591941,4.181706252647058,4.19061364048373,3.947979663352164,4.2537293981644835,4.204540970028053,4.117979285121662,4.204685258785354,4.321521565184279,4.0567037633197645,4.361998866115515,4.146296258978161,4.235535012377771,4.176092736584906
L2S222,-0.0,-0.0,-0.0,-0.0,-0.0,-0.0,-0.0,-0.0,-0.0,-0.0,5.421307755889415,5.588220961681352,5.7461118146665475,5.534499220079249,5.655175975368541,5.536754844971075,5.7110140646232805,5.455378836529909,5.598821255134545,5.823465189601647,5.930714359033008,6.110829796964527,6.145372013313402,5.879427293683118,5.897337818292057,5.932529350303638,5.9288358003437045,6.1247994470243405,6.1604837707075095,6.186450113290897,6.0974734041665615,6.1589076458407686,6.138735165483201,6.071353141911764,6.1645813071451645,6.158246975114952,6.214549567583527,6.148640409589538,5.996038016581408,6.0627618121932825,6.107851409036888,6.237305096629455,6.105054605966887,6.1829358272465935,6.141123110890818,6.196327783983344,6.125995763786577,6.097853955176361,6.1063087630959645,6.133279657915756,6.153013528137044,6.237539051850902,6.282278124315519,6.2385623932187215,6.277736579271905,6.240064279239318,6.07559340540312,6.295415280648253,6.3046653453016175,6.298213270783893,6.230169649963156,6.39212362955146,6.352562593665893,6.263444300863526,6.33585699843802,6.295696237849682,6.28582507282492,6.3271285059517846,6.33924163284942,6.2494739501274275,6.254750258291953,6.264197345289415,6.3700496883889794,6.349385183747701,6.403533487599669,6.298568513165182,6.292369229163053,6.360386942167053,6.26151136807685,6.2870735238332855,6.353940021465709,6.3138522890720425,6.320782559093053,6.40390553101867,6.402055378096643,6.337715428623167,6.379855875849294,6.376080004099974,6.3806132430709805,6.375113440956997,6.3437544428335855,6.2857352275986615,6.339407893813576,6.318751886527967,6.34939740959525,6.417300822626459,6.306196216089133,6.436046399643519,6.352541516822934,6.372952596957675
L2S240,-0.0,-0.0,-0.0,-0.0,-0.0,-0.0,-0.0,-0.0,-0.0,-0.0,3.6429431555368565,3.381204855562007,3.4432917559958143,3.572021379706351,3.7546061945305413,3.5625800233048874,3.537930631012064,3.376171101159493,3.5110395256375324,3.7800713639623047,3.829089177225844,3.7062333283195548,3.5414043676860434,3.6868851921954704,3.44305440171,3.5229456484565898,3.617022626813093,3.4505386778118425,3.733511807553864,3.6309228249457446,3.6433207471161952,3.6308547355078864,3.699724998528344,3.677261913158413,3.725936119390183,3.74388751503164,3.623579464708676,3.739775028170316,3.7317726822110218,3.799908492107517,3.666552539754362,3.6969549675258007,3.538030885962642,3.66351800434672,3.6088421230459913,3.638718238533648,3.8345248111870815,3.5882505749434612,3.7244618611935967,3.774478799409582,3.7843158559252768,3.796655319404824,3.510369411274069,3.812002146336911,3.573393994167415,3.6328661314809327,3.6999350725270848,3.7447981736797487,3.6000442050657404,3.7628753500552325,3.7764053346010584,3.6084565264958974,3.767505613431224,3.682998301761207,3.837385928064997,3.806878001464376,3.7710983588200393,3.7199959966728215,3.605565847051596,3.7009885405922036,3.714072961398701,3.6268682710127367,3.6926486587212,3.722170754444504,3.768809630017116,3.775535669798296,3.807988904441397,3.8671662752944655,3.805539169863304,3.793025927655056,3.7525691113977255,3.6855456568999987,3.729547037019728,3.788950300123728,3.731728202867784,3.652468286307903,3.809319840222505,3.779510880129493,3.7984191743578126,3.5853896053432424,3.7767934807631054,3.795123632138123,3.8789409920035065,3.7327829634351004,3.761487005605277,3.840285658554967,3.7214557223021716,3.749535823754705,3.7713225066438985,3.781998104915623
L2S309,-0.0,-0.0,-0.0,-0.0,-0.0,-0.0,-0.0,-0.0,-0.0,-0.0,4.210993217552438,4.066077321162696,4.144952225561969,4.1520626238065415,4.4343031439879255,4.322308061382248,4.399963063733393,4.527627100346908,4.614755726736546,4.22242715864606,4.4489285823720515,4.3975472197906935,4.582205988857479,4.385543841063378,4.234587936746533,4.375816085700963,4.383286982015524,4.300989181359482,4.668616347850265,4.4493262824415565,4.584418774443324,4.3408766920153115,4.501636039351724,4.471356277532749,4.476396111782158,4.363341555523858,4.524114376112485,4.419995613062827,4.455579858260232,4.475438367768013,4.534352211465569,4.461591002040171,4.452094617744317,4.399073534050996,4.407559146661873,4.501226072617457,4.46279368899525,4.409169692090534,4.4604036196435235,4.524623619177855,4.6259356844216715,4.490319937251011,4.577618096131981,4.5426501899984935,4.650144963113491,4.66417065824088,4.573109268688417,4.496702334497554,4.588399580588602,4.503710839850967,4.458600117039961,4.607165310211708,4.528897251812316,4.492895602405454,4.553289117779788,4.6705945220677165,4.625644789828664,4.680439873938038,4.543629025449704,4.619154128301334,4.523725303867437,4.593382038174521,4.524675514689275,4.563724104054881,4.6015192839017125,4.6242564000539605,4.541808642529476,4.592360850953517,4.578943873851559,4.573617911941216,4.500254412228902,4.6301439868988385,4.566445174005956,4.653654886807498,4.676090443002725,4.523759799466086,4.492331518053344,4.627174384389429,4.589204728679916,4.597008421341764,4.584244778283186,4.608355904893537,4.513976982497465,4.538894217554372,4.6169798645213715,4.557635525325376,4.594809263898688,4.557900287966252,4.6597614469842865,4.670909379098002
L2S357,-0.0,-0.0,-0.0,-0.0,-0.0,-0.0,-0.0,-0.0,-0.0,-0.0,4.078530096932797,4.1045911259006616,4.009555785035699,4.248518959693333,4.217889544952467,4.131661401673653,4.1668282524781945,4.011365530501276,4.3035756236770055,4.167142951252163,4.396811919385594,4.365364966878328,4.193616812143742,4.200820354651364,4.454778555866636,4.31976532127653,4.421693670021191,4.242478054807584,4.136643965219667,4.284084651745133,4.45792462196527,4.317104621099944,4.346269160665401,4.473939924676156,4.297971970661914,4.279431091758932,4.438337846273658,4.3512731955977575,4.312495635641405,4.316033181839562,4.422468092334287,4.469868800146719,4.485204546942362,4.307390211799016,4.525368024505512,4.439507205560093,4.559283978546769,4.40284293161776,4.507287449951026,4.523284929899272,4.348813758596893,4.379151361846984,4.404974027020372,4.4490789520218375,4.4903908571398965,4.583628734028329,4.360758274354441,4.427855436340018,4.4697935593109035,4.511745147000374,4.379414635733602,4.352989458340319,4.344670144372058,4.412107927936373,4.366493320036701,4.509960410878704,4.456133021848753,4.442147552921943,4.390438677486726,4.286386725657233,4.404673328331366,4.347268144203434,4.483218720735791,4.43168294011097,4.525948800129839,4.502985584983073,4.317886337127236,4.507300998248053,4.407979798608752,4.41472448833417,4.461037910160315,4.44883264380303,4.50103785252924,4.487934782731224,4.46908404192367,4.416646614468199,4.505959005145566,4.56284065922196,4.406536699977758,4.4919859643401,4.456155420354731,4.479376886919526,4.539654978104158,4.538216149347039,4.4710382396536055,4.423017252116248,4.532702969759796,4.464903486736628,4.5115918219339814,4.4397695751544815
L2S382,-0.0,-0.0,-0.0,-0.0,-0.0,-0.0,-0.0,-0.0,-0.0,-0.0,5.100050785698684,4.863156778582256,5.145312966797837,5.005979129983102,5.191213871455667,5.244534595855752,5.138242691024846,5.111186431829079,4.994638497318438,5.043074189428569,5.5353651900969005,5.541059480873864,5.506786620428663,5.3676388706330185,5.437224031152271,5.533747394645907,5.559492072034517,5.4893178075620455,5.4799455406418245,5.546051188725985,5.687474952559109,5.636075969430925,5.5088777939774936,5.662062390161758,5.6909191862254485,5.5852320077339614,5.716582264991082,5.654946147435579,5.639538367453857,5.64042803059604,5.790646225511921,5.637982777990169,5.591051537990557,5.574594902725859,5.692076972018694,5.6817025621280814,5.7019021840483735,5.794495035394307,5.686387534053591,5.8253445140574875,5.7996392199978,5.756777179982678,5.6126146950218105,5.872450383013812,5.725764959891602,5.736248570682787,5.759661246847861,5.70928325753701,5.772679501233463,5.690507174533528,5.7352791794175575,5.782163102691847,5.770151208501903,5.760763487773563,5.690240398133255,5.768269107971859,5.733083561769067,5.745507723981726,5.867782653497679,5.853888951608164,5.788218497299745,5.856298681983656,5.781797477392748,5.773226023310622,5.8373911381722445,5.883882555067309,5.811850338329711,5.785868330960707,5.764204006893016,5.668537322142799,5.7614052624611976,5.855686603141511,5.8617492395887565,5.78556855022655,5.823846365384705,5.871342344492649,5.902511643263593,5.725019691829977,5.913878750079294,5.746269046334786,5.958166639971744,5.908120692170912,5.734281658817286,5.845475029378897,5.861182317925162,5.802456790901895,5.8884015085018655,5.772011317854977,5.761924974990219,5.712305970478803
L3S242,-0.0,-0.0,-0.0,-0.0,-0.0,-0.0,-0.0,-0.0,-0.0,-0.0,2.619207256061701,2.865626038650914,2.862120232047607,2.6893964507710915,2.9326512315955697,2.7313518677718505,2.9857436945123617,2.9116134968598475,2.9662116566378813,2.85733390786294,2.8427236019375823,2.672506560659506,2.980972608479396,2.8566485298603443,2.71457033754637,2.9854044081835416,2.718217703181945,2.8181490228100987,2.9063061976087727,2.7039348780735986,2.645913707259003,2.982886980321405,2.9745763377843613,2.78640289365867,2.5744117735201466,2.7722519762252005,2.8948395624875047,2.6934091959118565,2.836451999993757,2.709074540875407,2.9464335577173455,2.8872652347356964,2.7556722594086565,2.8627270590605294,2.8993335657893198,2.8350520523494143,2.937789043416652,2.9402517836326223,2.8268009531363525,2.732029008209285,2.8053979849834265,2.841512302378221,2.8743826406060378,2.9394423381635564,2.9321420251695978,2.8437934122192674,2.87218834841271,2.772695707811093,2.910240986858016,2.8754683938996246,2.9039743312890614,2.8705350377236747,2.969254127250133,2.9501102289632564,2.847212776608837,2.9238503816646424,2.8442532497166013,2.8615777900971926,2.8039906986847174,2.840132537803055,2.8805557260470107,2.848736957959036,2.9344183190483286,2.815083435409373,2.8328851494764438,2.8599950903694635,2.792469439675139,2.8958912577029836,2.8776245069770114,2.904651306367341,2.8504466447355927,2.816435371099147,2.8642281682667785,2.852343480644916,2.8578146242143005,2.8581461976966898,2.8903172796447905,2.8577382323789617,2.8938381067880896,2.8982464434709136,2.8735771605277973,2.8735771605277973,2.8735771605277973,2.8735771605277973,2.8735771605277973,2.8735771605277973,2.8735771605277973,2.8735771605277973,2.8735771605277973,2.8735771605277973
L3S294,-0.0,-0.0,-0.0,-0.0,-0.0,-0.0,-0.0,-0.0,-0.0,-0.0,4.025497106261263,4.129724251720435,3.9422563150607512,3.95301673282398,4.344847790598553,4.156846344567706,4.181307597848819,3.870344318924224,3.9578639337475328,3.9358357250946834,4.1800255045952905,4.113151938866082,4.230220944842786,4.146096907557856,4.020129793599252,4.378848125804107,4.126976406728686,4.100355994260717,4.167902790874017,4.259402255712898,4.138355617831913,4.257474299914485,4.319772130110889,4.309888320076113,4.2326111725282,4.203364127177599,4.155415575519031,4.184155337255237,4.3446920335536685,4.296218998828174,4.379367149800602,4.323309807498119,4.306186335357862,4.339542077348973,4.119503031198298,4.123376505829235,4.267119764973313,4.217241291820502,4.3646547723457365,4.388358475332549,4.261312489374788,4.171549041921162,4.375758961786288,4.365283580615037,4.223118376093981,4.228930959149055,4.353919281501931,4.3139575165883395,4.286904289908398,4.238966659629068,4.226967773866495,4.342909153238962,4.299908260214333,4.341449899171138,4.2201018732346265,4.256163105798341,4.263099736975805,4.30358683950195,4.256191644020458,4.299307116629768,4.273988489007123,4.268034351409183,4.311824398900469,4.3257630219190775,4.287081207254162,4.294167969778087,4.292450961247453,4.333520358564175,4.26449604393365,4.2800646065587475,4.373607031722612,4.343332777073179,4.316410621778202,4.280413159001169,4.314517658641559,4.290697001203805,4.354448847048352,4.305571276047127,4.316145061701026,4.263348967884418,4.303061457407003,4.28231118738721,4.316486009806882,4.296725153277294,4.303892545938779,4.303138200469169,4.293331271040857,4.299951156936353,4.316353770372598,4.277440720143308
L3S313,-0.0,-0.0,-0.0,-0.0,-0.0,-0.0,-0.0,-0.0,-0.0,-0.0,4.166399220574502,4.093433174421987,4.307568591689663,4.407885415836536,4.058121843942076,4.046480564231538,4.074769203389553,3.9009684030106113,3.9551898690560416,3.94709127308854,4.377618747952363,4.49352792671779,4.1428384121748,4.509833717172904,3.870071834323346,4.374444687324984,4.3600791900440266,4.175767271168455,4.420606657237827,4.32991958247254,4.2442201129689465,4.368660704243781,4.388029867613054,4.3193845923960215,4.421186510119255,4.28397607505405,4.200545954576212,4.368273879909277,4.43538823095408,4.406119023025925,4.430403698754484,4.332977231067707,4.460665546628881,4.479785633552763,4.361252702922161,4.496124247422982,4.41310867225267,4.37371510556324,4.461317001824494,4.263794633562202,4.425123840253997,4.425104306010054,4.378185287287312,4.431723715633658,4.3854037722788535,4.4739682537237515,4.29190996069118,4.434390051226376,4.4389598965725146,4.498344181631213,4.44210017484234,4.443217601518229,4.407104741057479,4.480718776783778,4.497226941318118,4.416737301359849,4.388993681510701,4.371490456484205,4.393334017046839,4.37461248483502,4.4469208065358945,4.500549684907655,4.4978252168287005,4.412894539864072,4.479568556801385,4.5097507303272755,4.50821104653322,4.3882787715987215,4.383054386178126,4.4303551761837605,4.4887031209570365,4.488703109633,4.469239238386053,4.467662992813863,4.437253118418185,4.472222346359219,4.450886130559017,4.480164432860435,4.472891501208098,4.491184708179903,4.478786981748613,4.468713629282285,4.458061569389893,4.464165139114503,4.474428487346585,4.416464500843828,4.4998126463644175,4.426967943290869,4.4415723269917535,4.4669733262675635
L3S341,-0.0,-0.0,-0.0,-0.0,-0.0,-0.0,-0.0,-0.0,-0.0,-0.0,3.642977040958618,3.672193700021873,4.0549431208931646,4.063600613816047,3.708254079791985,3.847641969257132,3.756680769438794,3.907843754701852,3.985668674771253,4.044711106129752,4.2334235063234456,4.100782122360207,3.8612579929059776,4.074558668980699,4.007558681377452,4.072524746384052,3.958218045981325,4.1744141754625295,3.848746681737941,4.027336213179201,4.0257414660673545,4.099997513047736,4.116042297828003,4.1474201762960465,4.093512871354622,4.127443407697736,3.985407412163103,4.139975041127938,4.2193468041838695,4.273422213860249,4.31592889129987,4.229398456778586,4.160743660805732,4.147305152707988,4.105876978467822,4.11261378084134,4.238869459832319,4.051451592720758,4.188502659807455,4.252974143055343,4.302319859504484,4.1777816194501245,4.198563297160419,4.165131021413087,4.155754204409158,4.331406702956717,4.108404629431331,4.155060422696568,4.2318464309049135,4.250836220179823,4.172816333692438,4.193699282262656,4.210366797274515,4.13648621891069,4.208461152650528,4.183384234172285,4.204306576265563,4.159846728388422,4.1594036015571465,4.162008989967137,4.246308419606508,4.177468947705806,4.234723532767957,4.169243104454915,4.171669340561982,4.249385877544632,4.1399115393821,4.189166348009893,4.232495799369297,4.231041974127853,4.191885495489207,4.282240074076322,4.186575073863673,4.244747771942601,4.196998116190115,4.252898414545004,4.1795083677554965,4.214131961834033,4.171084784083217,4.238350512156181,4.186579259100877,4.203513507124018,4.183303815102859,4.213584712413821,4.1971231395594595,4.196445055125923,4.2077036474077065,4.209880111053768,4.201887506314327,4.252918845112984
L3S360,-0.0,-0.0,-0.0,-0.0,-0.0,-0.0,-0.0,-0.0,-0.0,-0.0,4.553860496520571,4.830435500513581,4.76623744547273,4.6360161565513405,4.684980475282004,4.799918101015238,4.887145076625067,5.056174630069641,4.8282780668013485,4.799268785352531,4.986142809335217,5.1629401127175925,5.011437046445828,5.169610746812594,5.047072375544879,5.152563736773974,4.992148678142184,5.049209266227312,5.004030678880119,4.980713953986285,5.0732053043748255,5.082710920054047,5.188026550356402,5.091697252919771,4.994001566309354,5.153338931733545,5.063553771785578,5.072419056731944,5.036491327192771,5.12293881194259,5.118043986863849,5.117136850886243,5.237315333744501,5.120150547689856,5.185495854564291,5.069874800784629,5.160337066267719,5.114799863092247,5.1997070636456915,5.176580933847333,5.171965978005231,5.181929304972312,5.1763243683459095,5.140715868160405,5.155888104111323,5.1919084818176255,5.143222744395197,5.18203865263226,5.164215372109318,5.1350528152106,5.146785811797441,5.112731892865313,5.209290415917886,5.158093858849089,5.189059839200653,5.139087808851263,5.108627879318254,5.203572681621114,5.174603928623725,5.19552348045481,5.179487785715882,5.1874593998522505,5.186657555627666,5.1954692772905835,5.206009237010312,5.195212110294456,5.203627452936328,5.2011149875174585,5.145671397641912,5.223073659031686,5.187503066124061,5.158204666672899,5.2084051955575,5.1740225486319815,5.199839850126003,5.203044146786821,5.188250717204256,5.216014509727309,5.185283503628288,5.190577547489312,5.195166015549269,5.205290810900612,5.170862127692787,5.20938097744449,5.198911571297524,5.201015322389695,5.217830798292924,5.203929445071204,5.225332810840142,5.196915752980046
L3S378,-0.0,-0.0,-0.0,-0.0,-0.0,-0.0,-0.0,-0.0,-0.0,-0.0,3.397920633572445,3.1749910697824304,3.5284910917522216,3.2151156930298366,3.2016562848343577,3.2265037455382513,3.1025869977442544,3.2020733915077915,3.4539723032638263,3.261184864614186,3.46675383137819,3.5707626445293577,3.370053786014388,3.4024422342713527,3.335023296545291,3.513834293093022,3.3687360713658245,3.3022579521995654,3.4059500368705478,3.353878227705553,3.5110479868560933,3.4276680659529353,3.5783554235661774,3.576745380402436,3.5586656640145167,3.5223043096084408,3.635842439935152,3.471638682400493,3.4916566831027565,3.3842566715425466,3.5398620044526314,3.4124261646944856,3.4645803681273133,3.5519753253384825,3.5096329876142884,3.4228506305663013,3.5418291161724262,3.515451311614172,3.5044877584532004,3.4885028972936762,3.594974377706876,3.5444002892316138,3.415990374478985,3.597964174453493,3.4162995610763867,3.5792613289157873,3.504789847969532,3.407317148748034,3.5516140709222066,3.5311153907842288,3.5627956414923907,3.469999085599255,3.5133133712126687,3.5074426451015324,3.5123466539693284,3.5030271945680713,3.5112072739894127,3.51754638663358,3.4111082474027383,3.5087489032019485,3.541257533234659,3.5385624813197527,3.5021424099007903,3.491897502589602,3.5151800125716712,3.4369736017029244,3.5575193829538647,3.4397684400238395,3.4871759088151437,3.5525051877243428,3.48846115878426,3.576664796143677,3.5453321043430828,3.5130875226766403,3.5545623927938426,3.557172592762862,3.570845137041128,3.609340763443883,3.5940475459440564,3.590945117191333,3.5411004585986317,3.561573080445901,3.532888161843652,3.595905444320915,3.5870283410393977,3.5765239903329182,3.5523487395468694,3.5673625803029503,3.5433517896376503,3.580704818198696
L4S112,-0.0,-0.0,-0.0,-0.0,-0.0,-0.0,-0.0,-0.0,-0.0,-0.0,4.674969307173188,4.41840100650255,4.671213871455668,4.951274030904644,4.571473837737031,4.3550137256856045,4.417844999268803,4.575458498525862,4.305858857975421,4.4586885704510975,4.882214116067742,4.885565087688992,4.948721820854701,4.953329442457606,4.983246474449231,5.067813187366001,4.780686335959446,4.6592631349168006,5.129704630907758,4.5962825428083045,5.082258679206096,5.022305950417909,4.814009913961434,4.873653893625315,5.044163403328206,4.927257452297206,5.00863675930687,4.879842207991183,4.9369884731261395,4.907889293772837,4.9893606046612735,5.0664981162207505,5.007470171499949,5.003819525912378,5.051682352280683,5.154738339753755,5.063535979235855,5.059160643931143,5.084151521675555,4.965116352760755,4.923154905445712,5.168898016672119,5.1309339173457955,5.120178539941343,5.159357204566696,5.1306126193737285,5.024150392583861,5.138502629798418,4.971363768659262,5.135046455395912,5.065274519564596,5.2738423444851374,5.091199436917672,5.20608806737046,5.051280482506716,5.161251709126925,5.226859667492338,5.183430730827679,5.245136318968758,5.22542626439387,5.26857623891061,5.069291507013767,5.263305368223519,5.1948230011394925,5.084179823331329,5.310604574119888,5.3291104762967265,5.068708190844136,5.088610195979478,5.233449380666372,5.148614437276303,5.044702100263576,5.197542337300505,5.023118346900717,5.253329576993653,5.2199150173183355,5.251625201663725,5.218117114209699,5.155295931229007,5.138880737671765,5.179323564266797,5.1983425990139525,5.2024836395481975,5.1504271523906135,5.094005617125598,5.19770275358676,5.0254794671972345,5.157770603582691,5.157238185657668,5.226482376929673
L4S137,-0.0,-0.0,-0.0,-0.0,-0.0,-0.0,-0.0,-0.0,-0.0,-0.0,4.701336846307735,4.7772558739244255,4.571826865192868,4.935031148283251,4.483506522915733,4.90921656205347,4.8522710348140095,4.501433579209895,5.031083007343956,4.267300160143875,5.099920807216312,5.084725081670706,4.85488570987723,4.8468293572799945,5.0091627511018615,5.174036160004242,5.0779024986781645,5.121562471060126,4.7551758617052045,4.778570963059813,5.1832248823008635,5.119281196887708,4.840980915162894,5.058221594576295,5.26847765724102,5.122227684869783,5.024922467005906,5.044696189030859,5.220607755244375,5.1084478305736845,5.214062682564759,5.197788038812366,5.47473692358881,5.279949675592971,5.192893881875574,5.05891949857586,5.305172494497897,5.196864235768531,5.193550313416607,5.283714278908636,5.0865820629327105,5.2274940498746565,5.211041942848904,5.058184669165038,5.252723501062414,5.232146722900316,5.471461132019106,5.168822428658955,5.279927964375873,5.262118784874582,5.329589060165198,5.2792941424641535,5.181847923712293,5.440347122321422,5.4721743888565895,5.214703550762471,5.178675381234131,5.255199522707469,5.16505726877062,5.173128025398173,5.386780224406212,5.183682790503077,5.268167515691076,5.206443270788708,5.394297182926419,5.328641875464681,5.301474964249234,5.308714066568207,5.243770514271414,5.36544661669608,5.315152588603558,5.273608997170036,5.3837048035398425,5.265071270584621,5.3048039955868,5.230488967907098,5.316417664841717,5.3221777697447195,5.297249196044095,5.177825968271018,5.388641292571809,5.350559929132199,5.313679386491581,5.346628870694183,5.2683620188142335,5.28653338005808,5.307696483349049,5.2975617430875035,5.249612763568586,5.248151775796934
L4S63,-0.0,-0.0,-0.0,-0.0,-0.0,-0.0,-0.0,-0.0,-0.0,-0.0,5.365312966797839,5.303535941154652,5.1426956019312575,5.215146726909624,4.91800693241117,5.164589475108924,4.870881379939832,5.227597851887989,5.0999922770414425,4.982726501181912,5.611063580562222,5.450320606951671,5.555767607769875,5.574963693008118,5.77318962736009,5.622354628565969,5.899530627780795,5.407553882570204,5.885385615617517,5.633667355505676,5.7056510162353575,5.867282501732191,5.588261159787795,5.484370396432358,5.662811290016591,5.818509760815508,5.803760045120767,5.691512702169034,5.7925186892024625,5.832392545123707,5.741971010797408,5.7444094764186175,5.8785811949369835,5.796727642523263,5.883646442755758,5.6032722205058745,5.828208214792715,5.6813247345009925,5.865818943248371,5.96211020193439,5.77706466078147,5.7529743253788475,5.911845362571518,5.840173292675688,5.883149038811222,6.008665505807433,5.969198257048463,5.965771949928872,5.868977156810644,5.964220109940504,6.067380438472037,5.783414618742744,5.783072523794935,5.739397907976103,5.993158974349594,5.91649440918344,5.9460278386665975,5.936883415567053,5.836549769971451,5.920164708597026,6.18642457160934,5.875028294951798,5.848225220534754,5.7369405199269226,5.952567268329271,5.920477340735898,5.816630818471179,5.9308934818950725,5.9888213580214975,5.8863161893516684,5.865641031199756,6.117997616741056,5.789917522769293,5.959545297236023,6.039931945266828,5.925326922421782,5.991744108822317,6.16327758300512,5.954086377775005,5.9361952746018485,6.0368434805740465,6.064110223724468,6.054159363533236,5.9508868168948315,5.953154628447063,5.8797725366882405,5.992179603517267,5.9152380638717394,5.875357173183644,5.934604998198083
L5S104,-0.0,-0.0,-0.0,-0.0,-0.0,-0.0,-0.0,-0.0,-0.0,-0.0,3.629266466535633,3.6277341099490665,3.6571605342868057,3.3744495298445725,3.6389024407509862,3.4715275368366085,3.596720351467221,3.4851192779400284,3.5933439792948763,3.5381218439420765,3.7094018282929673,3.4683879340376067,3.754287050712271,3.463115826094373,3.5994308377795834,3.678068601274476,3.4589435381777323,3.481774864088636,3.4746436068454627,3.570120557863232,3.5640266119882487,3.655478863279456,3.5933849445704245,3.510768326772816,3.537038344052624,3.4654071058314013,3.693536336631484,3.7270088142235833,3.4172262984120487,3.5250868616643607,3.587833584520587,3.6645890108294017,3.625737774058237,3.5848272052911847,3.6784881634929993,3.481080911503188,3.569345206793032,3.6043144465861587,3.5993966513890934,3.719344772550712,3.648184106224888,3.6114847304079096,3.67381602632378,3.6078899144438337,3.679301500185917,3.6162544973854214,3.638882421191692,3.650967349339776,3.5010631145045203,3.7084251519324907,3.591731786212702,3.6389573743854,3.5655926856924833,3.613401918774308,3.657825555861221,3.5717548233958807,3.582509716787317,3.5655514168082703,3.6891397374262613,3.6621357568401303,3.5952296814602236,3.6661569145909416,3.6409486519950653,3.59645885512339,3.5815843216188474,3.664863462698357,3.646832787144519,3.6713611168919535,3.615081871248511,3.5980949937049598,3.6602571654958735,3.5815921284186496,3.6319877244556142,3.6823376688677554,3.5795079092388318,3.64751906494232,3.6887503954259673,3.590095489331244,3.640051394896155,3.6561616316842014,3.6387228896238333,3.606156306463723,3.6165898013339257,3.563643076610876,3.6351780448358793,3.6580234717849915,3.634809542753647,3.5622410412276935,3.6290271000849694,3.6682742578312415
L5S155,-0.0,-0.0,-0.0,-0.0,-0.0,-0.0,-0.0,-0.0,-0.0,-0.0,3.0413933763526457,2.850985735123579,2.8146420576400177,3.003842082020189,2.921833605201805,3.017992631905266,2.9884210157682283,3.1099135254621664,2.9319244353065703,2.9559042859317346,3.1691828937949897,3.1805096105268422,2.9981712435016967,3.0621630423886583,3.1133298602522137,3.1633733297301547,3.1156172690450563,3.06240867611633,3.2278832585448454,3.0146905631530165,3.053092865151679,3.029437627505496,3.01362255013418,3.1180723465603117,2.9871149308559315,3.0001611188140456,3.164779170425569,3.1738684354325906,3.0805800046077185,3.0865794960492106,3.0785689845158064,3.0350484653508745,3.1081907091724283,3.0555476781006505,2.990055688118357,3.13286484825804,3.0524549600002486,3.102701399131452,3.0703887887881227,2.945610027651779,3.1886862243352487,3.2720024130224536,3.2350017399175863,3.1706422527321134,3.1001976387103465,3.1417120109155685,3.108679513295753,3.0871152814984066,3.102507309059912,3.045278995320996,3.1627740318001583,3.151419442720776,3.086807253772828,3.1493538824332594,3.0888528149986736,3.088554809966829,3.1881934945751023,3.2159225455888487,3.1889650534436202,3.0877207601771324,3.111575439612213,3.09142099470482,3.0686046800053477,3.169576937304622,3.1455681753679285,3.0549266995485715,3.077662488295496,3.1172352477079253,3.201628651626645,3.24811846476304,3.0996448676163326,3.062305347299513,3.1738159388131173,3.130269542690456,3.1448402115730905,3.15690430256984,3.2034067568577926,3.1517951401094417,3.1373497888995243,3.0463989015134914,3.0573015353202577,3.0931292864487614,3.149863766490268,3.0473317677493252,3.100226345957352,3.1541133687488667,3.112555839707105,3.2000437496107663,3.1430148478234043,3.1905786804283087
L5S174,-0.0,-0.0,-0.0,-0.0,-0.0,-0.0,-0.0,-0.0,-0.0,-0.0,3.1344735098470924,3.0157410216831786,3.2903408593001577,3.1803072923559843,3.57168985177853,3.3684656307379712,3.1464047374135977,3.383472857874035,3.1146078804731454,3.0511365366635315,3.225346598399567,3.1063160997893737,3.457849830281976,3.2990679439204,3.310011865646457,3.0586555162637303,3.367192335369314,3.2313071325117786,3.275888952449615,3.2978794015123984,3.2943737681527536,3.336349235267382,3.2944544025479727,3.272050890660428,3.1255980124277025,3.3196337610049516,3.412904350169905,3.1938852620505247,3.4966186628890807,3.387300385584215,3.4490894761648074,3.3631664995031763,3.3045226505179337,3.3379454394710337,3.277995350570221,3.2655164361258118,3.1835883112338443,3.4030894663909645,3.3928461262881973,3.2353884410720335,3.2782718711243195,3.4054936810405403,3.3571201566604656,3.4719344342252487,3.418462205967107,3.2986583405557592,3.3905357658029325,3.2660798127057786,3.3799073113413374,3.198593746005701,3.3791747246747517,3.3563659120141653,3.3819820838261436,3.22008888461287,3.3696143538105483,3.3049414618035,3.2715001430277835,3.4130114684079333,3.3793950374785084,3.4045803011186027,3.3554676732220026,3.3324503619194554,3.3878170155187615,3.3669560249646806,3.2583548025506275,3.268883399394244,3.2382022544515707,3.334717597593841,3.3285645109863857,3.215978448697904,3.333190563453289,3.3717565410943364,3.3924256104192443,3.31673870223348,3.3762750672881867,3.3576023796437187,3.3496035203467684,3.365770004684245,3.3030996139111144,3.2335958394338884,3.387159731503071,3.3412159512763275,3.351548776231016,3.400287007685068,3.3749278740429784,3.332426647467786,3.3084933563992265,3.3280538029799454,3.2293834652865794,3.3782213405386687
L5S203,-0.0,-0.0,-0.0,-0.0,-0.0,-0.0,-0.0,-0.0,-0.0,-0.0,3.459688065850483,3.549016755221084,3.5257431213084534,3.6287239462276,3.6143072166451087,3.5123796600570367,3.5781342140090873,3.540735784335457,3.523291385851598,3.407879865990437,3.4436398964086417,3.5581020014695035,3.6925986552852796,3.5970173246277426,3.646856878323277,3.5105936489026783,3.4736019506288534,3.5230888263267985,3.5757654787284716,3.387651413565852,3.5477189157041136,3.6250884466146136,3.6489204229158343,3.5361018589077373,3.5433983496244514,3.4646126602161584,3.6073636425942097,3.4551989172059243,3.548108711361857,3.596395492137409,3.6500804618974927,3.621383441562832,3.595745662709,3.6487904923119987,3.5811871129547717,3.605654219390067,3.6879958504329067,3.4970570033569164,3.6196319312827416,3.559304758423261,3.77864807736028,3.7235611442404415,3.730297010145799,3.7015651800756175,3.7645844441404552,3.6835284407358215,3.6129448270094358,3.7611746964765085,3.6219239751617254,3.858137988805636,3.621738431800092,3.6608437074914812,3.638156499339805,3.653145452056584,3.6385370224824203,3.6514524936559294,3.6976328871260447,3.669671549924909,3.623783265905391,3.60246460078627,3.5503912054048263,3.6052417799499716,3.5966489998364364,3.711102205554456,3.6003717257433148,3.716645753067685,3.6579259894706766,3.685801551019716,3.6605084650391553,3.620550326435713,3.6903036376982,3.653303002881725,3.6865882917088473,3.7134947884257503,3.670071052709485,3.665804575448024,3.6431559228481762,3.6210778005936857,3.706033237136527,3.6469685812745807,3.6475425267674577,3.6777639501426913,3.7029043635709793,3.6372269038884686,3.594690098531028,3.600149415015013,3.6594760246577414,3.7389813564575647,3.695519053362216,3.661732733397863
L5S222,-0.0,-0.0,-0.0,-0.0,-0.0,-0.0,-0.0,-0.0,-0.0,-0.0,3.3485016760063404,3.584470537352411,3.2053846754509494,3.0210199891538596,3.0113328458297524,3.2100100068366504,3.3627661837042626,3.1261959555847514,2.985293511984211,3.184801524837076,3.2407930340484974,3.2279067982385063,3.3848626280035687,3.1747095867161925,3.2660494269099574,3.2866716321831912,3.3466116389450766,3.102348091385215,3.3422592779300184,3.157813652833847,3.3583598461013504,3.0696363437846674,3.3440895359262366,3.2616107166961035,3.2676528177481337,3.2945462835024917,3.3431264120721944,3.1850882280650716,3.2603824941473434,3.2853190808063517,3.248443642172102,3.350097983292881,3.287838377329088,3.3318004047935132,3.3920251021843417,3.3674561651879182,3.371040580088154,3.501820682025408,3.3387272395049155,3.3839034948529254,3.417807091125497,3.3637262111216284,3.3444409636616736,3.312564126755892,3.4581583472460626,3.3315796887251867,3.364625900937314,3.3803362107149817,3.4010260325888737,3.3581115571265463,3.2852742072124537,3.3912726894383187,3.3355949186195915,3.4275889136917,3.3046512132796964,3.3934562118383607,3.4324241572284127,3.4197077933549287,3.3350329315447587,3.3935787381503366,3.3088451281867743,3.3743547239840006,3.4086934633175714,3.3823343915542905,3.281259973889376,3.3707004415111155,3.3830879612811535,3.353412557178008,3.437849046354972,3.365276958991944,3.2853214575386547,3.432327967490136,3.3883270474817015,3.3876795340674843,3.3634003212116936,3.3698844847366565,3.3313797720029728,3.386532281932689,3.3011706688218627,3.321507031261372,3.466029668585718,3.347366743488941,3.4190339557175817,3.3236928525047307,3.3993618824269944,3.3406311930078365,3.3957174648525585,3.3938794177191323,3.2826680773175005,3.276166588469774
L5S240,-0.0,-0.0,-0.0,-0.0,-0.0,-0.0,-0.0,-0.0,-0.0,-0.0,3.351922002043481,2.839966516350617,3.2251925250101534,2.99042512265704,2.883807474762772,3.15385646396528,3.203716512508378,3.064395786251117,3.1726071114468817,3.389383248049898,3.2559585127282555,3.144094464681397,3.151398802465713,3.1258200325387584,3.2191498773591585,3.285921779224146,3.2213744134651114,3.3345343093962256,3.0629352837059134,3.2530334857614704,3.2650204789198005,3.2711352033094228,3.1593415041200004,3.2323551643055746,3.3722556646307185,3.3370375309346403,3.2662922496080777,3.2686825529153536,3.3646247885470553,3.3043743242941472,3.336631582798133,3.3169534428255973,3.3811623390195926,3.319079042440368,3.3270471515368225,3.3725351401219528,3.2818919396636934,3.331605406231643,3.2387940056741535,3.3343496143740614,3.232542040742192,3.27275887034265,3.3811602334000157,3.252325427357861,3.252942073038009,3.2387707814901434,3.3405410561159434,3.36874880458504,3.2038893929597663,3.3015803862168074,3.3780887186207003,3.3342621367950254,3.201834691662748,3.151173304632694,3.3872039761904067,3.387346765308436,3.2484227712713523,3.3410951889695846,3.37444629091636,3.2612775342787463,3.250104110353661,3.303065014835418,3.2543631690932817,3.245114787707012,3.2605956676989405,3.3267973057907034,3.3139277208333517,3.2949700130596424,3.315743340178898,3.348177619986473,3.3075603294597045,3.3578569254591946,3.2691694319184865,3.4008431902608174,3.2373578741413875,3.2857330897728767,3.27956122240924,3.3128257946891284,3.2520705753666697,3.3617316042934413,3.2825216909958397,3.2724829003746985,3.269458586349117,3.3176362422839705,3.3599077517337497,3.311164141164428,3.2934559102880314,3.3861593365506946,3.2296659168869426,3.3595887715091264
L6S20,-0.0,-0.0,-0.0,-0.0,-0.0,-0.0,-0.0,-0.0,-0.0,-0.0,2.794393975022388,2.626785411189914,2.9088770166603686,2.972181086981893,3.0342322695451895,2.9514187744389813,2.660751821848637,2.379044164237065,2.6637048923566793,2.5995397853120874,2.920243874146625,2.492900155803078,2.699068404630058,2.833820952506666,2.6235797211828857,2.9014121524349794,2.852106353962922,3.0364968765825666,2.7638078079791955,2.729936353260044,2.6848938467485843,2.851175999369449,2.9484583546734955,3.037208485808577,2.8951960659794618,2.6822598692871593,2.9682794831031094,2.9209245591363224,2.860656914042511,2.9453178088670753,3.054706214887034,2.9413930551050163,2.9738175854072284,3.0214680213054197,2.8486553060458304,2.8402229309910716,2.8643366421910663,2.9608078143852965,3.2146002369873705,2.988626863072433,2.9850111498779683,2.952731786733534,2.906814987976713,2.9061482490261334,3.248352407359822,2.657375955983688,2.848701892210446,3.082375477639027,2.9195472909750646,2.839683747800372,2.9373871631590576,2.8887974124619547,2.9321106541453155,2.9568657271476178,2.989919550495088,3.1018736996830976,2.9743047348251475,2.970024485910042,2.9574725411618017,2.9477347001963725,3.0226537688187625,3.0647171257120216,2.8358818435898256,3.0155361995545262,2.9868756625812627,3.1003932882544714,2.8455897508750856,3.040628328072413,2.7706545211449627,2.999106666293513,2.8395547265231,2.9830386998197485,3.0654051157297832,2.959729367170149,3.0089525076958528,2.9243537636842416,2.9640082722067085,3.195038568479557,3.00246846398207,2.9054928030014184,2.9574529544555084,3.0182043721533485,2.9488890676526935,2.9790991250833225,3.1058218033901737,2.9621515566455257,2.8754210126841535,2.9363746345502144,2.8921386340246213,2.958106580929817
L6S68,-0.0,-0.0,-0.0,-0.0,-0.0,-0.0,-0.0,-0.0,-0.0,-0.0,3.0173595456640387,3.1043962183282234,2.839229293666208,3.188810087025731,2.9677058903165197,3.3239699452473737,3.1949866025995903,2.843874476801529,3.1994342684610677,3.4898207921082927,3.0758861942369915,3.4390789939328097,3.175120619524248,3.1411825221036693,3.4174892958519334,3.192723722545281,3.384798933057628,3.257903805991605,3.1307111797854805,3.0943445118631483,3.1705601666678445,3.2075244101708367,3.6005256787933666,3.2941374633677776,3.4948498643932653,3.5108623213003187,3.244893072477315,3.3360636353687028,3.3591645295363617,3.3333854314079447,3.4841098071405785,3.3145929210288747,3.2744179734135086,3.355531271833092,3.265880869537032,3.5020059237750285,3.2704497864662527,3.3080078045271213,3.3089646288953767,3.3891277916769527,3.298412294958266,3.4247097094688037,3.4039788773810677,3.3348990059347767,3.4376981022827917,3.2909565349558063,3.321302286615601,3.3838715940806696,3.3641412404755955,3.5022098745398624,3.4100418643737003,3.4403686249507857,3.3400445457228125,3.4247287947444485,3.399979163405384,3.377031145419656,3.32988117043752,3.3906812177501515,3.3411059636712577,3.385589782514822,3.3307987147354217,3.395641400646602,3.4474686371887144,3.452330060851172,3.4187648210638213,3.3111910823376016,3.466591900334853,3.3613478343597567,3.5122698016990066,3.4203558696778886,3.2669538879056077,3.3106127204894467,3.4513405339279504,3.343944220651644,3.256954846333993,3.3806976128751463,3.3952808132765333,3.3224923841165888,3.4041860550849306,3.4652838167474043,3.4141088357209886,3.4337754003793997,3.4007355478146337,3.3692856411955487,3.4420926499657565,3.380703634244305,3.4183427958228734,3.4277062888924723,3.3865795531518974,3.3533130747448228
L6S93,-0.0,-0.0,-0.0,-0.0,-0.0,-0.0,-0.0,-0.0,-0.0,-0.0,3.9951978651490294,3.9702401608640367,3.9545691615388066,4.032759416073231,3.913334891222016,3.941420669218665,4.036863628254698,3.690302005736685,4.081868774511739,3.818943653981828,3.8223212917272105,3.973625972218942,4.0177416132912365,4.244684671390854,4.0743990766157,4.187196943664608,4.234043788326078,4.204908112407855,4.253249958964052,4.081055539704152,4.002968851352365,4.318157293609725,4.024153682607048,4.073385066705724,4.154682448232962,4.344604893128213,4.131684115129958,4.188937970401204,4.207153483584697,4.049471598304547,4.195974850827509,4.050448788789652,4.147587750261342,4.2231580506907465,4.101265786119494,4.149815502120201,4.234997376372667,4.21365454888161,4.174331990291344,4.027742940567918,4.192453649183753,4.259200680464638,4.1747836435577055,4.248266650040345,4.165381473517549,4.232284084106303,4.205140138852219,4.127394346194613,4.1167373602081545,4.1279201831739964,4.247966658279322,4.155303008538332,4.216507441854319,4.025006382428009,4.252372080452977,4.223679922890229,4.194202192837719,4.2379803785109145,4.262895315905412,4.108536190598796,4.254935621235438,4.108983961232893,4.265495781734783,4.262995904518233,4.204926122748694,4.198534955337478,4.304520714057727,4.194107567152549,4.167564126984176,4.197485854657072,4.172197615532663,4.280451731222703,4.224609914994225,4.291601409379688,4.194192687914431,4.210584194955037,4.155602734746892,4.247115110591463,4.271645881198413,4.238955884585741,4.186480029692446,4.199118062877831,4.248589715270261,4.2172857974468565,4.263645933847062,4.205752793552699,4.211937036183057,4.136494321142153,4.186419374959006,4.2149214735674105
