4b5eeb300368260019c1fbc7a3c718fc,11589.0
d29fe3c70564fc0f69f2c03e0d1e5561,9565.0
fe30ff0f71a38a39cf1717ec2be3a2fc,9293.0
868528ca947bc57b69ffdf83e6b73bae,7909.0
1d2e5f3444ca750c85302ceee2473331,7792.0
154709e160e8cada6bfb21115acc80f5,7583.0
0305a4993ecf2d8ef4149fdfc7592603,5453.0
cb2fe0146e2fbcb101050edb996a0ee2,4954.0
997056ba80681bbbdd5d09aa591eadc0,4075.0
9079bfebcce01d4b5c758067b1208c31,3298.0
3c9c437f27aca05f8db167cd080ff1ec,3148.0
bfbed36e63b69fec4627424163d20118,2479.0
90d32ffe026535b392c0bad850f213c4,2129.0
d86ef5d6394f5dbeb945f39aa25e7426,2106.0
ab4ef4399912b0507d8d1187e874684d,2053.0
a049763053c277b16c2a318f41eb23b4,1828.0
699071a4a7ce68918e4cd93a61275ecd,1774.0
cdd14cce4ec44b3235923652b71e947e,1655.0
7e598ad34909a3fb8ff1623f1ede11a6,1604.0
b44621e5c80607cdfacbf7a81e1cbe41,1439.0
e8e6b7fc969005938de8ac7ffb94f17c,1422.0
535696cecf56f03d3401d7d6dbe66d7b,1350.0
44ff26d8105cf822417b4b0c4eb27c02,1307.0
f352c1f1efecf483511c2270aabd0ae6,1207.0
9f718b8f66b79c3de80546ca9a54539c,1184.0
fd86856409fe6433d719558a30910515,1183.0
909755d7142ea53c7f61c97c3586f26c,1060.0
ad41fe8f8be5b01c96549309937e3b14,1008.0
0160e14a78b18b903618f11bc732746e,979.0
fcd4f95c05b868060121ff709085bf21,965.0
047b7fb62a5e9d2711e639ae1cb1519a,957.0
57b34afdff2e84fb9b0befd219edcb38,929.0
ab6b063ed43d8cb3008e157a0a305c47,909.0
d2613a43f4ed1dda8a673e7fb251ebef,894.0
e31b5affbe5e23b79a8619589f3b6620,887.0
e7c8b8c8fced8eead4b767bffe6dd544,861.0
b1e22f094d8c64fb56dbacf680dab8c9,821.0
67e23140639733766b7e127f50221289,802.0
7dd9c9124ec3f118a6cef1f0d422c011,799.0
01e0b7ac306895be84179f2715af269b,755.0
500d6b485cef4c52aad211d6d6e6dbc7,753.0
1685b25b43eb070cd7655de8c2d8c0a4,739.0
d1d750ce3b00503c204516d27ca0d3b0,733.0
db793caa585e078770021a7979ae8ea2,717.0
f35ce9c514e1398308f5f84ed50b260f,691.0
ee0fb26fca3afb05e0b288d6fcab899e,687.0
b685f8246fb6fad0fd91574c444b8f51,678.0
fba3d9b3872ff9021d66434323fb9565,665.0
ebe0e9790089ad4f40151cb4a3231a8f,665.0
636c27859c1ac0a7994ca8ed145d03fe,657.0
0a69950e803a5d9e7166c450e44f43cf,648.0
79e9e337b10e2d298bb1b3bde946782d,600.0
d8e8459398f3f096775f4298666880a7,578.0
e5c80b4a23b96b2fa35b6da6cac2bf73,577.0
41735c13fb7f63db49b10fba5d959ce3,575.0
9118606a87ac19f8d041da20f16f3236,570.0
4fdf8dcd9451f5742982d716fa9f0536,557.0
ae27459b7f5465815b1f565d792083ce,548.0
4ea5683e2c2a183c11c45dc8fbd0c67c,529.0
54d098d009b89779530eaf43a1bb136a,517.0
469e4ff2129066178b74b112829fc03c,509.0
41fedaa9200e2933821f84ecdc0b0772,507.0
76174505aef45f134d8068d5ad2c42aa,506.0
6edca9464612efff71d8f97299f01663,504.0
b8afb7bb30b7a9170b7c6dcd40251d54,423.0
4c4606a3dbb4f5b8bb1ad1db6dfc5617,397.0
3ef461f213bfc675ddf0b1bfeef2dc52,384.0
1f50ac250618ced095a2a5c34bae7651,374.0
b3d4d129c955517b446df657236ba5a2,363.0
fc15824cd9e9c29e1319d32843452b54,362.0
b2866fdca13681232057e3e85a1978cf,348.0
f8f937eeee7762f446a0e87292f98eb6,341.0
fc5b641a0b0408d99ddfb2a5ba64da59,334.0
e0472171de6fa02a1f58e392ad3d000e,328.0
2514cdaab96a1a42cf15506f2ecf6439,326.0
052128d7d424728578efe7852b0afd0d,313.0
1b448e00c078f81e49a61933072345d2,307.0
958bc15b660bce0b894665d13f910f5b,295.0
e063d1c3c9daf7390e5475e48d9b01c5,288.0
162ed46308ef9dd1600fb0fe7c90b186,288.0
2e55763e77234a7bfc3a311067a0c7e1,285.0
f8a71161ac98c5ceafcc75e57ace7230,281.0
5ada68b9a081358e1a7d5f1d351e656a,281.0
9af77e369d2ba4b3bb6e0e808ed84d91,277.0
e737a3a864791ec52f1398d83786f4f2,270.0
79dcabe7f92f8cf2723b796dcd2f239f,266.0
e77bac543df42865af751a32a2942fdb,262.0
81351ef6b4d49a3a6b2fc24745d70305,260.0
26133b4163fdcd22d86f4e04e74154f1,255.0
26b8b1509edf09c438db1634308c3c90,255.0
29a92aecac56c855cbfc0debf9bda0c8,254.0
c4aad64f84f51ff331b986a67af4ed3d,247.0
3ae3e825c5e3862af6c17798e2b40a37,244.0
839fafb762395fab1ba257442ec29e7f,244.0
880968796af86b3d6270c228fe8e7026,235.0
7a5d5e6f85da7ca91daa2d803e8f9279,235.0
5c82bad13c4ebd2ed1bd23a8c2e37fc5,229.0
401d7866836c54f3cd18bd0fc814885e,224.0
6b82e6cb771d45d6c925405b66299d7f,221.0
75258a676bcd7e73c2437d6a2012d490,220.0
f91c81859bf6eede55eef9c915dd8bab,218.0
f59a4d48a03cc224462bf83e4d4ab126,218.0
684721318896ed01048f3502333c214d,216.0
eecc4a4317225eb579540e82ab785716,212.0
a895b66cac813ac67ce1c908259b646f,211.0
a4c08e2c3a34038ea877b16d01736837,209.0
4980b85712efeef1fc4563a9a949fe2e,209.0
2ff525a1e58c54525e7f2d68a6c0b23e,204.0
0b925631436d3775231b60f9d0011cae,203.0
acfe4c003905a7074aeaf385b78ad9e0,202.0
5601f094afc823d75ccb34440645a99e,200.0
d781fa7e866ac295ce9a56bd97912983,196.0
4075a90811bf9c19f02f5aa2ece6da37,188.0
a5551fc60aa8bbaab737487552ea2a75,186.0
4132561a08d25757e4bee9f73ec4a70a,180.0
3cdd97ba69a504117de24626ba790e96,178.0
f16a387e898dbae6432b2ed0241120bd,176.0
ff3df50eea7490dd794148649c480fd3,175.0
3125abe90c7ae91aec06eb104d71845f,175.0
3bf2fc236887eda11c969b84d30f9fbf,174.0
a659784c026bd9c8cde94da36aa656d7,173.0
56c98126dde3abb2d263088db55e12c8,171.0
21a0198d0a83a8f3ec0e401067138940,170.0
9d3ec96491b522546acbdfa3b21b6071,166.0
30faafef155964edd9db9374f36c45bf,162.0
b383ade799e9c83c649cec37705a251d,160.0
393e6e2cbe258ed27a4ca0a2ee0d2cdc,159.0
fb4f7d9d3f91ac2f22a542fbd13019c1,157.0
8da02c7114ba0d9ee40312926e037a8f,153.0
1d17561d16d803f652b0d6bdd671c1cc,150.0
3982159c2603cacc4bc4893003bda323,150.0
b0f7e29de400c6b517b39230dc1b4365,150.0
3a1c2d5547ddb7f76306a042f8bef6a4,149.0
724c43ad3632cb8c5c6230c874551bd2,148.0
b92e89d105e0a6e09e5984879c4c7809,148.0
a5df9a825c3d8eeb228a6781c3db134c,145.0
d46bfd723f625e317606ae28580eba3e,142.0
e8fb2b3d01d369dbb5d3764548193ae9,140.0
87899779aec8d38dfaf48d895cfe8021,137.0
7cdabbffaaa6cc6d9f478d91f312a8ee,136.0
145f11599b92ad3a4c93896b0edf8c0c,135.0
475741f076c42d2c75d2d63c14fe4d3f,135.0
1d284bea12006c939c03d622ce2abd5e,135.0
c4f955168102011d272b685aa772c10a,135.0
24443b70088636edf08f0c9572d7faf4,135.0
7eedfc5c8d0d6b8852fabb20d52a8c5d,134.0
185df2b73b4805164470dfaea2d05223,132.0
846cbaf603b77be035fe0cb61d14a23c,130.0
513de43781dc4c2831eb83b23940d66b,126.0
91d0b3b7c0329b9a164b6e04a181f1d6,123.0
344b020d867e3210563eaf40b0c557ef,123.0
bb370945a6777f712cfd963c55f2ff54,123.0
1b963d0d7457ac133aed9497f03b5a64,122.0
136e9f5aa470119165e59d202fdb318c,120.0
2f4c5e75c0e4cdfcbddbe93ef1f410a3,120.0
59fefb91cc66ef6930b0201e4bf24cbb,117.0
4ce1be9cea00a1eb7f960600e1ff3cfa,117.0
f094a383692eb30761eb3d5c93240236,117.0
44543d9c6bb193c64d38c9bdb6790eec,116.0
1f0a072da4906270a684a389c1586582,115.0
626b8ee112be0ec208bb16445611d001,114.0
aa668eb01ca9dcc59aeb1454b600c8c8,114.0
c99439f78b73ffcf55858ae828aac608,112.0
cba5f5b1153235425628bd77a28257c7,111.0
d3e265209c342d15d93a910e38ad9be2,110.0
8cd2a871fab61bdea4ef23a295c371cf,110.0
9590aed21545774c71a124f2b5200691,109.0
84755bc954af6d3b39bb4c369e5992e7,108.0
848587c4a03949500c5815bd6edb7b6e,107.0
3a69cb2f27ac76a05405efbb5088d249,106.0
1b75626f6834620dc2c729a1a81f497a,105.0
5437cb1c86c72638cbbc12896f88d1b1,103.0
c5b61a414bdb4305544bb4f941e0bfc9,103.0
6be3ad080a12e28c46c9ca4f94710ac7,102.0
4b8228f4d7d3809aa6827e8d9e11a9ae,102.0
49232f27012731b0a65805c0919e2bbc,101.0
2fa276cce32e900f0f68d30e460b8f61,99.0
24523c45ca39b6c81a01ce286c0c092b,99.0
f023384b8f989d014dd2ead7f10db307,97.0
16564bc936c839c893f951bab613a30b,97.0
dd7e1e45831871f719cc3cd68f568e7c,95.0
fc1f49989e78fa71bc6404ff2a148576,94.0
7dd981802694dec3ecdb61ee53805956,94.0
51ddb685cfb1775931489ebbd3eef6ca,93.0
14d168c89e381de6fc3091837a557e48,93.0
b8b19c4f0719a5d5b965a0f50f05827c,93.0
24dfe6a7325e4f2be7dbd522ef613e42,93.0
b5bf6383b53e0add0d6589b73949462a,90.0
4a5387c4bc61f2d8f3d9d2de983ba556,90.0
9b0549bb6e63f681bf133d2c7996055d,90.0
c18826df5af5da174f580164c805a38a,90.0
67f9c74eeea5a4609bd1d2fab66ad3cc,89.0
3e2c7eb0316409806267a8d9845b0b13,89.0
9616cf56be891f816aa7abc6a13c9e8f,88.0
465e9cab9abce306c1e0f7459b325c33,88.0
77a517253ff10afeb78a37bc13d649a0,87.0
30a88dc67e6a522087c3dfc8019550a6,86.0
ed950935b660fb10449d5f229dc13fb9,85.0
1c7d1f74c2c43b872972f974eb196915,85.0
126d3c82f184c4d9058cab124f287968,85.0
b00d44992702bd3743d7f353638d42f9,85.0
07b2b1c3771f46d82c90b20a79fb3d04,84.0
0bd7addf1b999f01ad58fec8412b8931,84.0
ca96b8fd01aa6c508305bacac37da6c2,83.0
01b99cb344ed2530f7d80897ffe257a9,82.0
fea5c05e9b8245c5ca46f6673f59e0bf,81.0
32875774cffdc8c820f91d8e86f9a0e6,81.0
ecf9eb9fa3970ff27a221e626395c75d,81.0
0c4b17f88dae47697d3bceb3663f47ce,80.0
43a9c44adeac51fd3ab95081da56d02d,80.0
e7a3af060bcc6686986ddfdf5536fac8,80.0
9f1913b781d2cde1c8a4c57b7dc2ab83,80.0
2e202c4e4e803dbc6d54c9e3117afedd,79.0
96a7dbb0e2c57e289c05b82e2db880be,79.0
063fa4f5a6fa894f7f8243468324ac5e,79.0
38aff035451e491e5905508b9a173fb6,78.0
9e1c6b703a4312cce306c7757688a351,77.0
62bf37c50994a06e6c8c93355ad1caa0,77.0
4b13979d719e78a50cb0eac34d72dec1,76.0
1edc5497d3daf6d914427d32b71daa52,76.0
dd222108ed685d6a936d2011ea220998,76.0
7f99061140cbf6c9081a204380efd8e1,76.0
ae881162d813e498f40bf33b8e42d54a,75.0
201b6484b6abe3d4c587464be6cbd574,72.0
3b65e1db6742cc44493248fff266f564,72.0
10710d3d706451c3536228e4b7d146db,72.0
da247df6fe91b74bf38d3ecc1c05b4b0,71.0
2ca928ad9749bb9726c35d6528fefec1,71.0
823698689031b0b9c2c5152f92ffc70f,71.0
d8f7f446987e67092b6256c10b1ee69e,70.0
0dcaf9358eddf685864afb883cdf2363,69.0
8b111e12f8f73205bac732c7479a97e8,68.0
5decdad9c550489629ce441d32a69a1c,67.0
cfe4948493ea1b183b006512be10924a,67.0
4fccea69a702bcb90cc0147c0fff2995,67.0
a0b0961c7ba318abff3e5a93f09f495e,66.0
54a5af5112600a1faf06be268f95616e,66.0
aadef7fba5a0754fb631409c11fb331f,65.0
dab4d3e6078cfc510502a47c98e82081,65.0
ed75725613954c459019eec50b431f9f,65.0
54b4964000ad1631e547c46a828ed1a0,65.0
c04b03fdea7f81c8c52fc540c50a24a4,64.0
53729ba7429e5bd2fe96229b14452bdc,64.0
50e96bbd1a8267119529843a1acb43a5,63.0
6fea19332b7fb980e2124d0339c596c2,63.0
ecbf086d6ccbe5e8c2a69d0afb144662,63.0
9acad60e1ad588fb9250aab68dee645d,63.0
9da7a39de7e82006cc9533681adf765a,62.0
13692c41b4bf5d577c28c278caafcddb,62.0
ebd1dcd162acede67bb633c42c7b2ac2,61.0
80b20e907aa4fcf2309796bc303d151d,59.0
bb173654871d294466912ef22f685faa,59.0
e54bcf1c8ec24811e7c355b8d82fa59e,58.0
58946a0b64aa351fd8e7b97d02d6639d,58.0
f9bc8716f02b0a22f03b1a686895aae1,58.0
c57b70d65a63c4bf9f12c179c2416839,57.0
955d8fcbb35e8bc04c8df0c6aae34d34,57.0
3b74a95b189e134bb34c191b7693455d,57.0
66a605fcdaa020dbdd6136f241ea79d9,56.0
919764896275058362e55f0849d2b38b,56.0
b428acd97e6af974db1b053a2bc2b5c8,56.0
f3194c2eb241f821239009ca55dbb30c,56.0
39b5567d2d979a9172c02435a5ede59d,56.0
101968ec709b68fcd964a68ff226dcd1,55.0
2de266b1ffa8e9ec6383c98096caf8f0,55.0
e73fc2655e1cca4a2b1c419da3630c72,54.0
95f07780b7e9b8b504c2563e63950663,54.0
5df503c1ddf8f3f4ac9e49e983e3d7fd,54.0
3add7df323955b22d1cea664ef38165d,54.0
956d0a6f5a8e1d2fbb39df909cc14894,53.0
7f4909ae8d31a3995fa2c200c690a21f,53.0
a1b971c01ce0b220275c218adbe717c1,52.0
e2c355360209f0b71b70b85ed0f9532d,52.0
58d6cee566e26e231916ccc2093ae053,52.0
1a4ff0ff25ff4e919711422c2f605519,52.0
bfdc8d2e7693336b4f3781920d3fa253,51.0
88b4862756df007aa0c6bc2ba049708b,51.0
41cb0c62655aa8da8968a06cde0f14a1,50.0
6be678de197b54f9a04f6c984b91ef22,50.0
498ae808db957a63e20e836e1bf77f54,50.0
5a02c9985adcd7543dff8c846cff62a5,49.0
28560cffcd31045fa07dd88557b43e05,49.0
30273eb317696f87e7b6fd37ada4bb8f,49.0
c9a1082e87563e01347729352358bbcf,49.0
868a4fe285b85fa1b8eb40071d5397be,49.0
a5185df881810390f29afa3ba3ccf522,48.0
ba0941f03086680ee946a10dfe90cf12,48.0
1c40ac02c49ea9e03881b0f183373417,48.0
3f448350064694e647b284259bdebb91,47.0
34e40677eda6fb724e9323b0835d5ab0,46.0
68c05655a58355526692d3a1f0968aff,46.0
acba6a53153faccd2c02a9c0e8a2d941,46.0
0be23adca941c1335eb04db17dc66e98,46.0
816b94bcd935ca38afe71fd1e3c5356c,46.0
0f55566622d8244073432b2e67b24baa,46.0
7fee9350277038eef98dee70b4190563,46.0
c9f68eb27669d95f1e365fc085b51ee6,46.0
ce0a68ef210192a51f60ec3eb8e3e92e,45.0
4cecaa1cfabe89a905940ae23dd94a64,45.0
1a5ff65c7f309159df626f810d96ae8b,45.0
30ebe1a33c21c25c55e4fdbb5894b832,44.0
955280212814a2050dd2f640e10fc25d,43.0
aee707afe3847427a6d3d34e31437923,43.0
e2f0caba18b002ca9762ed56167c6188,43.0
48eda83fda558aea8fdd32b9c8dfff98,43.0
2b148d88c49e316f85b6e7863089a886,43.0
8659c05e82a2d1399cbc3fd26ab938e4,42.0
7a20f7055ca2c7462cfa6a7aef16ec28,42.0
7f2aa6f3481a4039dcc8d1b8be32beb7,42.0
f0e16b2961cac3985938413cea00eb14,41.0
a70441600c181b747a763ce5a7414a3f,41.0
5fb5ace22c46fefb30969da7bb0dcb74,41.0
c2562f279f2b32428e71ef8e8e1cd3d8,41.0
fe98555e63f547c33b3987391cd34d5d,41.0
aa9f89f9af07d53e077462471423f3ab,41.0
bfbf3b84b315e741c4345ebb43e2b9cc,41.0
1f926dee6544b252d38067cc7753383a,41.0
cbb7ea319a7633cf0917c6e5cde0e923,40.0
921966b15e5f1508e8650d053443c385,40.0
0f2a155a57fe6d0bf34767080706b3e1,40.0
37c7d17f9e371c1e11a0e22b1ce15ab0,40.0
edacf632dcadc21c328669befafe2af6,40.0
3677e15d86603bf0a6bb50f8b010afe7,40.0
ee7ce85e38500b28d9d79b63c7fbf9a6,40.0
22ed70e219c67c2bf4e20e0b144b12bb,39.0
de391a8294254c47e8f460325eea85f8,39.0
d3f59bdb915bb43f2ecd96ad9296ae92,39.0
072698f9668d5a094cdc1a672acc4747,39.0
f8026fa73c97b3f69cf4369cf194fb8b,39.0
55ec4b057c122957d25013675512c73d,38.0
d329ff7ff76454d2282c9f01c2798588,38.0
ee36a3eb8110ab27b0f3a72c5071d552,38.0
1893b0ad352ee7db0f565bc4594e6dc6,38.0
d51cd90e95b57acb614698dc580759fb,38.0
5042942b77f5b924b8f8c11de37a3626,37.0
3bb6760ebcd348e0c695a5fb5fccf994,37.0
a621ed0faf5f6d7f3ad8f5e66cd41faf,37.0
f32674aec6d3fa6a7aa2323cb35699fc,37.0
97e0a84031c426df75af82aeff951f26,36.0
2cec2792e54f61e12e1a0b2507826118,36.0
8c43291754ba53fa1e206f0ac7a18772,36.0
7103ca740aeadee8bdf7cedaefac990b,36.0
6de4955c509e8f32f905760cad0beeae,36.0
3d6555a4886c6e4a89104136dd5ca39e,35.0
42872dc875fef6070dfa78984184c096,35.0
74c2326ccd0bc2bd9e0f23f15b79ea16,34.0
903752a32299a5fac9505d192dc16466,34.0
bcb349a220a0c33a6b780dbc29a25f71,34.0
4516f28133b919f8d8039ece23d8dd2e,34.0
b8329e527429f07e08f04ecf93563779,34.0
ac809fd715cced98911f73f1dfb1ffb9,33.0
a03aa6a23dc8f296567452ec2242a5fd,33.0
e0f1938338e6f9b8cf8408e672ee6cd1,32.0
d9efe89c658c7996e7738e1bb777c9f0,32.0
a875cba4e2e4da128cec805cd014731f,32.0
02ef9a59d6da8b642271166d3ffd1b52,32.0
55937e5781c91185e27a91216008e4ca,32.0
3b795f0122b28b0e6a07bec73894acee,31.0
51757b1a0a985640893725af5d87d350,31.0
c1dedbc2ee20ed310022b9a1976d56c4,31.0
7ee56e891d069e18c3c8eb866924a26c,31.0
8f0a7d866b4e5ebf1e34d0a44eb950a4,30.0
ce1d8d111ba2aaec28d68a04e483bf3f,30.0
04c7e0ea3038f942f5a28778a74cd1c0,30.0
d30b3fb9c1dc7d9f0d4bd6ce8e975238,30.0
66fb1fc4317badb5dfaec2bf8e5055d7,29.0
d12759fe8dda1d65fe9077cc1ca9cf28,29.0
1e9fc37a1112b198ed3d0543db7863c8,29.0
726f76e9275bfa07ccb329dda324c58f,29.0
da36821195d462457b39c41aeb611ba1,29.0
01ce91fd8dbecf637eb5e67cdab5c5aa,29.0
1c5a8bb80c37a6f89f50467b3dc2c2a1,29.0
c5dfb8aa2b481cb89e2602fc20941587,29.0
41c686088d124f17c99dcf9bf3acf9d5,29.0
d8db52dac1023a8fa0e56e92670d7ac1,29.0
c7ec57695a6d83b461eba523752755ec,28.0
685ea779ee012329ec2a171f1823f8a8,27.0
8992381f7d3d5af45d162e2f4b38d01b,27.0
9dd67b89e90b1517d6fc340bb1745e15,27.0
d32d15407d86a2044eead0d72cd3f9e7,27.0
bf155aa205fb8ec2b4a6d1edafbbfd1c,27.0
b1e686a5c5f127a8b92de2863503a9e5,27.0
44f993a57b632b8fde0c34ed075e1d66,27.0
cf8a25fe1a1b134a027842e7769a285b,27.0
ea4389e9ab5d13210e19dc4b8dcc354d,26.0
459244e45f29ce28991de0114a16f9fa,26.0
4738a05820f1a7840410c66476953498,26.0
b1141c1ab18997c3339e8229e0b9f41a,26.0
8bcc747f27b10bb3e1182fe530c7ed24,26.0
491ef1635067f62c395bdffd58966092,26.0
1a8d25f7529d783a219ef689701dd4e2,26.0
3597a2689efaf5525ce460494a8ac383,26.0
b0ca0d2568c23c26c6704017eae471e1,25.0
aa24dbd408e5d69c6b0d62846145a244,25.0
e2cbf79a06f1221cf49d1bef8e5db9cd,25.0
74106ca246bcf2da5c4f95b82aa6867a,25.0
867e71db0537674539934bf97db51bc0,24.0
328cf8ca7cded30705336cf036a2df45,24.0
bb2704c9052362b112da42bf843e7d9b,24.0
d9095748835ade1b8914c5f57b6acbcf,23.0
dc7d3610c77e7c118082f25002f26cd4,23.0
faf2bd479f04891ef2afba2f407749ac,23.0
684b032107a3a32f6664dea4ef723a42,23.0
e80d9134b601511a2702b54268b57249,23.0
e22afe3cb91239d19aeb01ba79015173,23.0
d1c7ee5172f16dda522e46aaa4e5fa79,23.0
12ed71ced0f4e45c0aa5b37144e6f84b,23.0
40f13b077d41d6837ca6fae65763cf01,22.0
3111520c8424a2a5bdd46558ae7650e8,22.0
9f4cdae8a020a8d9c4f54e5abf5a5769,22.0
7595e123b71bdae8a8c1c28b7405a5c0,22.0
31ed03e41d53de58a6348a242165c05b,22.0
6401660183a33dded59f163fc63aab4d,22.0
87a04eba5a3dc45f9e899d8ab4c050b4,22.0
cbc2f795edfaebaf35d10b85062b426d,22.0
458462fa1e15c439f12deec2f19af933,22.0
6f384c926424d43c215fbe9337d55324,22.0
3d6f762d8cda1915ad93d014e391c118,21.0
51588a76b68ff3041e8b272256df5ae2,21.0
6ffdeb862aed8aedda8a8624fa960c57,21.0
1ca133f4d30ab344f11e6624e841d9cd,21.0
1a2d9f4af510ce624fa0337c3ea9fedc,21.0
0741ae033054073fece98b9948ec4387,21.0
8163d49042bbad8871a7aab8527c9a97,21.0
2ab2f3551b7aa27fd483fdcbaa1a0afb,21.0
1e00822422afb942c9955cd450385a8b,20.0
7cd67e7e02db4db794fd67ab72755f8b,20.0
a3dc97e11838f1bf157aa875f2f6367d,20.0
ff8c7f94f941a0c647120d4e142db316,20.0
5ed23cabf504db9af85bce57e9008ea2,20.0
f4eefbd4edf2a372131825289fffcca6,20.0
7fa8f515ee1ac5cb8b529b13e6a89790,20.0
d5ef913e6aee3067001dc610ac8af1d1,20.0
6a9b2745a31a3e5ae16682a323c28a4d,20.0
678424c0e69dd311d2b536cfd69a91a4,20.0
5c541619c0a084c6609e071895d9de55,19.0
160029903cd9c779390f4719179aeea2,19.0
f8fe4ee0ae3da9a1432872f5545a0d42,19.0
752621a2dcf600f86357e9c2fa1fc985,19.0
e9f0399c43aff643ceb1480929cf89b2,19.0
c66348656c079cbbc916b2c2832f311b,19.0
0e401b8b2b9e6eae62f5293945f5b9a7,19.0
8c5f2b5fce1b357f54ed4c8c047b6845,19.0
c81e310dae79b8767597762a093082c8,18.0
45c36b8b2965484407b8b213419d4c6c,18.0
f351326f9505ffc18da207391818c48e,18.0
3253177a44672689e4e154e842d63e35,18.0
4ea8ed64f727e17c2ecf3616119876eb,18.0
ae4c61e598c093caa5b66b6919f02ba3,18.0
9b07cccc73bd232ffb6edb9427194c06,18.0
33176e81f3e7ef2b9de1b783ff1ca33c,18.0
35b6dde81c92eb7f66ca9f741da3514e,17.0
e6df6369108817c93a749fa640528e92,17.0
f99678fdc17d27a97c79faac3f2980a4,17.0
8e934eb5aff8050158c19ac1f93d1d28,17.0
9df911e407318b496425698999a1d81f,17.0
c961cc0ecd0ac693e2fb7dcf7794c3e5,17.0
71e9ece7818452114b1e87f8145aefd5,17.0
0effb4592c11dcdd619141df770563e1,17.0
a826883ed572461c97a23561f7ecea3c,17.0
f0cb0cda97cb1d02169b3d6cc84a235a,17.0
cee164362eb3296a3d29e33f7b479d2e,17.0
9b959f65abdb6cb9adc1d6160a5384ec,17.0
421da954b88f7175953a73ea34b933e0,17.0
99e6b8fa779ca2689cdc55d164e593e8,17.0
f66effc279917d65747b7c3ef8d62432,17.0
fbf110ef5de76f86121c8504a0cb786e,17.0
102e7b1caba47e81d5d58bf4d73a6e0b,17.0
4aa8e1c58af1b89f613fe3bf2b81604e,16.0
3f61c9eee7bfb0326d3efb8da077b0da,16.0
1c0a00b159b2154357cc9bc7499c58b2,16.0
a54095a893fd5abc045d162bbe20644a,16.0
75a61e0ca465f169e5d2ea2d19f8aefb,16.0
816e266d71b9a9af9d3d74893dee443e,16.0
025dd300b0ccbd9d5898969c2a1ab138,16.0
bf6066f701b31c6bba541503797da013,16.0
20fb19136419ba2826c941aa152fa0eb,16.0
94ca1389331a3a9230237844cfd545f6,16.0
1395953fab837ed426f9b2ba24da41b1,16.0
43e4b46e2ba2455e3974874722cbd75a,16.0
b815913c61abb4a540babe5c3fae17e7,15.0
2f09559bc1ffcc3ea06ae2766194920b,15.0
2b6445815ec98d21dbe9640083f30d2f,15.0
a6e9c3caf38d8be5744751bea41aa62f,15.0
959a178855242ad3833af85d38ccff45,15.0
251eb140eb9387372897c5f7db6f954c,15.0
480b52afa972e6deb75357ec39db1998,15.0
99f9d85c50cec960adab2a3f0f401371,15.0
82e72255267397b777a1afd44ea22755,15.0
3e7f7d8ab3a5fb0e3401a0fda19d8bcb,15.0
63145f49e7efc26729094a53d97c0cd1,15.0
02878fe3ccc81d4c884ca5574178d6a0,15.0
5cb28bd0b2eea6847a6328712217c141,14.0
457c3dbae079470f3cf0bf146c191e1f,14.0
831514b8b3617bed49e2a4bd9d3d6268,14.0
5b220f66423e4004eb3520bfae1f25d0,14.0
9cd30ed12a411f643a9f6c145e3b59d8,14.0
1efd43e712291698f34853dac3b67f54,14.0
53dd9f9a89854c8ebdcfb105b7a26df1,14.0
d985172bebaa0bbe61ff5f682d372c6e,14.0
81fad06bda8cf753d87288f1d080da88,14.0
5e793ed595a0793ab477b17e78421bc5,14.0
4851a0c86e3c1b3f3c67e88d8a38960a,14.0
9d17e47f8102cca1e9a0a5b0776bb85a,14.0
7456c5136c45202afcf8000e2a8a01c5,14.0
de35e106a779f81d63e2e058bf18799c,14.0
21c3086fa768008b7bee62d5d13b5366,14.0
b46e36edac9cab660cec7ee6f1a335a3,14.0
15992a34ae0f42d6b5a21eeaaef674ba,14.0
a5e8aaab366d42b670d589ada160581c,14.0
1e1e0cca52fab68a8c7ba5256aeadd6d,14.0
a841dd7e2f38b26bb7bb37179b4141d5,14.0
9c6b4f83513e63a49ce33a8aeb1813ad,14.0
8b300bb35321f8c125cdc4c3a242bbc0,13.0
bb823ca6d961133b2cd91e9377cefba7,13.0
f306a3c555687b1dc2c61372504fbbea,13.0
0f006e3e638afedde4892706134a4fb9,13.0
8fbf42d21b6c9c4a4e8e260ad1d6a1ab,13.0
b1413b635612c7db2c140bc671789ec7,13.0
5ec803f68f3c48cd9ce6436ccbd5b1e3,13.0
512cd5c8ed8569e52212f6453258c3d3,13.0
b65f8931698507015de2e1c5f0961cd3,13.0
ae25381e186978a7230f03484baede7c,13.0
7e4d5b19d3213719048fe55dfad0da3a,13.0
f95cdb71258ef6cc222c673ea4546caf,13.0
55f85b9f95aa14453f466b2ee388737b,12.0
54fa6da8dff69b9fec4b470312d21eb9,12.0
76e8305b47ef8b35c452b5490589fc95,12.0
538c01338d48c71522ac629b17a01c9d,12.0
e6953e3ef3e20c6b169ef7a759d868df,12.0
2835a5008083ae7290acbca001520ad1,12.0
e6dfd15b38618c3c7ff0a025083f56d4,12.0
c7312d5390945aa1e45badeeba28a998,12.0
8a0ed62b5a5dac58df317325c4a6eda8,12.0
1ea96d595539133266a3dbd49daac1e4,12.0
0310f41e594c49368dde5c5993a7a5d0,12.0
2328e11c4256f1f05395b7a377381279,12.0
45b39346c375374b004c94c1230a6812,12.0
e03d5567ab978eb82490f359c51912b1,12.0
f8753b9f13abb306b57aedce2cf6e7d0,12.0
b2d056fa113334bd2797397b162c6ac9,12.0
8c001c89f020a1b78b26ee21d1d56746,12.0
7b9b46a7c3fb8b76b1c68911a9b56da1,11.0
76a673c88ed6cf969ff506fd12b57412,11.0
6fea6a26dbc4de9558be63f26f07f7fa,11.0
2b427cf77172293239bc1c1cdb32ace4,11.0
ca1b627f011b52798bfb8fd2c6b76d20,11.0
7a9e7bd6bd3444b67f37c95db2960d50,11.0
ea646f13713c1f3393a8b66afa03ff4a,11.0
0a50155a2def454344e1f2305eff7092,11.0
01173073677a287321be3484fbed0007,11.0
8c12a12aedcd680ab7e259bfd627ff9a,11.0
e679b0af6f303ceecc7058066fd2ecd4,11.0
6967d97d0d19d82633e2d05305850f80,11.0
73291cac0e802b6a1fb25ae7079390ef,11.0
5a61388e52a8005b6747280b9332d2de,11.0
37d242005eb3c4239ad2c00158ea99a1,11.0
f1d63da515a0c96eb9f7af5de75655bb,11.0
72cbf125e17c4e14d748543564d3d4ec,11.0
b3406cb10b6d6882837eaacbaec3553e,11.0
bae6b03d63955f134b6e523285263226,11.0
65fbdc4707be0814fa4faf52571cc2b5,10.0
04fd81a94c775a5906f2d92cf0548e4d,10.0
648532aadbacef2c7f8f8468a6146fb2,10.0
9c773cfe6cd90b39267153cd9eac020e,10.0
d37b36cd780fdec9627c298370571ed5,10.0
e7e23553bcb3b809fe953ff90c99da54,10.0
9abbfb135a6fceeb2ae107b7be7cb133,10.0
b8413d82d36f772b9a375231cb504579,10.0
5454ea14c70f0323a5e836aba10947b8,10.0
217845ff2f7195cbc781eba1f7e7eaa1,10.0
2a010fd0ac0d1761c2e64c9cd3fd97c4,10.0
f7a8c8f87af98f9c5f479beaadc0b892,10.0
5546d0fe4a512f96a6d73509a1ec6e55,10.0
81026563293d6ed29eec4d7f73eab34d,10.0
b59d5976acdb148c29f724d6b7990410,10.0
84527e6fd16cd72b72cfe68b3c4fba07,10.0
14f2e2d783b09c74ccd36ed32cbeaddd,10.0
e581d288eadb8d4527694b6fe7aa5df4,10.0
33e2cadd9d0b2b4ebeb6261766032e4a,10.0
8935afd2b1d59a37191411131d75e9f6,9.0
db5a78d9bd70f4cb9b6f1bf2a8262a85,9.0
b18b389447d758e7cb173b4b4f2ad960,9.0
c9ffd432429a7600931358e3a09860f5,9.0
029cc71dc93341de90188b686798aa0d,9.0
63e29d89c820b4baafc3f5622946d6ee,9.0
38b8c8550489d7bd6f1ee86984d6aea9,9.0
12ecd33740955f4f12d78d3db516925f,9.0
8406abe6d9a72018bf32d189d1340472,9.0
6c255d739eed7ca75876dad2223a9712,9.0
dd9d9aad1de9345686f5cc614c5616db,9.0
4c205b4cc504f8f2b6702447873f91f0,9.0
ef4cafaa5121e47ff7f31d5553a66214,9.0
76d0a9cc7116aeaa8d26bc09e768cbc4,9.0
5cf1581a0381cd73e278302acd8751b1,9.0
e1e1ece9cc43057ec074912f7545a432,9.0
167baae5fe04a754df7eb073c07adaa7,9.0
6b350f9f82a39450e0894fe9138ad267,9.0
a9e0ac523112f40942da575caf1f386e,8.0
171930820a0db82224a948125002bf46,8.0
f78c2a4fb584f61fc0fbd75c2cc22a99,8.0
5e76bbf2de9c36c591f8aab3784ffd1b,8.0
50feebeace77894a50a224bf001c3502,8.0
2c9e19a0423a00f8c17d8086a8ab39a5,8.0
58c63b4710a70a640cb86afa4d851178,8.0
9d68bd5a8479880505cf88ab4695b5c5,8.0
5c4ad81078908a3b228188a847d12f9e,8.0
dbd1f3c3e0f401f60d44103595acdb69,8.0
26f1b1ff96f049f0e354df4c3d85efb0,8.0
124e839582c0a3329101182cb28619a8,8.0
594bd03cc39261727b61dafded2f03e9,8.0
533ae9eb2b49066a95e0e174251f1e08,8.0
d45006a487d94665893aa9e759be4c97,8.0
007ac2c602df5b6ad5d7a3293b682254,8.0
64222ae4c3f0f1cc06375a3814da355d,8.0
c23ddff0e5a041733d633d7bfb93e0cc,8.0
6bd57e46e038faafe4bb747e1d494df7,8.0
51b573b10d63a2cbe455deeef5bae002,8.0
f6bb195f075d463c5e9b620a6a76dbfd,8.0
0316af109bb877b5c7a85ddecd6dfd1e,7.0
25087bd679769914988fc1e7c6d045ff,7.0
0524cb6dcc8f60dafc09c46911c9d0ac,7.0
6fda1de9604a1be1b99a41028226f4a7,7.0
f9686d94e355b66c5324677db52b3aa4,7.0
9815d07f1b564c9be5aab03db01608da,7.0
0335b1664150f1e151340b1450eae898,7.0
9f6a3b261bc6acafa3d4a6d2de87f924,7.0
0bf5530da55bc16c52034db82e5434af,7.0
3488aef5fd36b312822cf490504699d3,7.0
27b71e4906d6f52cc542d21f4bc0b9e6,7.0
0b0a240a7ae19f3560d04427d753b603,7.0
b89da5ee2f75672a2656789aea91071d,7.0
e9849de9c0f7be74e13c457f05177aad,7.0
3d3566af17e7e52ae5413956d004e657,7.0
6b4a0a64da52980e7a1b1a770978bb88,7.0
4e34087bb8399deb145896c92e1b58a5,7.0
48a6cea7eaf29dcb52dc2985933f4249,7.0
6bf95d9914dc404e98ebff522496533d,7.0
af12fc27ee17864717830cafd06453cd,7.0
a1759b9ca6b3363edacc599498d62b56,7.0
8be3d398e9e6b768ed1aa713f2981204,6.0
47fb251b4679084fee2dafef11c6bc4f,6.0
e0a941a7b62e87ae6301bce7185e5f4a,6.0
eb19aca9a5979db01ba9947baa292633,6.0
a0daabc3e11deb9b43aafbf3c8e31e35,6.0
42f7a4caf54667a21b5de3b888213935,6.0
8739d8fcb8317edbea6f891eaf71dd5c,6.0
03178a409a41853ea09a94055e138e19,6.0
e9d3af4175420ffab49c29d1a6bb2030,6.0
5656d8b980bfee07e29e8fc119850901,6.0
d4c5acaf755ef50d18008aa6c79f60b0,6.0
3b91757d40499fecfd75d1ad215fdd2e,6.0
d1dbb266dc8841470f3c42fe8f465507,6.0
cdf8a49dcdb0256a8ead65f65c752e40,6.0
ab402c6b9fa511b0aa2f968cddc364eb,6.0
5beb76b0d6631d10fc820c2d128d4cb6,6.0
96802b28a3942cb6b7b40f4b9bfc0d99,6.0
76d2032108822bcfaa90a4873f7a51aa,5.0
111311cc108c483f3782c9214681ed19,5.0
ff087572178c265e6916ca1da39c958a,5.0
9584fe0b6843a9817e1c217bb65caea8,5.0
b9e3d6fcb82de619e9e574be03ecaa41,5.0
35bfc371d940cffdc527b7b4dc954456,5.0
93982d4e0f9eb9a6179d6abd57560c26,5.0
fc8f87209db793f740eea731e64f0b2a,5.0
2d832109f6396e0f93297efd12e1321e,5.0
47be834b0f9232d552e00a36fb3c626b,5.0
90b16eca6a6edc00f49dfb5f72be8b61,5.0
7d893311a14a858907d4c8ca21d32dc4,5.0
85e5b8a5f57afada11822cf92aee7771,5.0
47fe572ed6a6b1d5f4a60a3884ec72e1,5.0
77f79d776f3845bc2901cf9c4229de0b,5.0
69e4868406c82bdfd67d2b449ca9f1d8,5.0
4ce587cb48a13e494e47f3cd2ed13cb2,5.0
e3f051168532c89bf76e329c715c35f5,5.0
14732e0b78dbc03c20c505d7681b6820,5.0
47e6d3cd169787ff35f9a2278b8d4a2f,5.0
d002269a53cf1579adca5f0dadd4f332,5.0
a3ebb6445ca32f39df9f84fe48525773,5.0
ba3ff6e27b67596844f11db93e44c496,5.0
1076b2b7de5233cc917c9425aa2ea200,5.0
a80183c045cf890899121db3bbcbd39d,5.0
2a71af2786dfb7aeb7ac7d5372c41686,5.0
95b94ac4c1c3e18210f501268e56e50e,5.0
15023bbf11976ca06624ced1d064f9b1,5.0
4042bf819b2707dcb567a04950667ec7,5.0
100f4d61f5eaf8fb7369d9583b32ba46,5.0
80b9cf8b7fde7d45e0bc84a9cf9ddd56,5.0
3b0e180ea70b1a946a6214eacb539c97,5.0
21b849f15da11a7cc5122773552e0fef,5.0
9930e78f4486e70ced513d619dae53fb,5.0
464ff59b632870b5028ed3092b9443ff,5.0
15c03c51375c7d03bd3dda24674b9936,5.0
427e48835f176c1a367a14b39b882c58,4.0
dd530a50ee0277096b0cbd210cdb80b2,4.0
5af6e343611d715985e35e7a3e5671cb,4.0
3303a6097cd86f4036af4f8be223168d,4.0
033511c7ff4fe93866075cfb9129aa3b,4.0
216d5bb567182b6210e2c3dbc455f2b6,4.0
a9541756b547061c02922f1a3a913fce,4.0
95a90dbbe4f8d552fabaa638d2ee724f,4.0
059408ca99f1001f64e6df1e06fb951d,4.0
6e342714744bf1b213ac0767d6c3998d,4.0
10ae3ca534ce9bb9f80822b4b4a6375c,4.0
14374c3f2fe75bb158b439ebe4a4ee87,4.0
8cfda573467e6a959664801713cadba1,4.0
73bca1b91fb8a80ee698f1833c073664,4.0
b61a4c5ec96e7276004c81cc845e2fec,4.0
514a4ebb290842347e3f7ac7cbba276e,4.0
b387961d274808e3ffed8c1594f4cd1c,4.0
e1b32002ee69c4e3210a2a257511f96a,4.0
84e6f7df01548135d92febfeae9a1ea6,4.0
f8fee8796e3188a996dfeca9e93f47e1,4.0
d0dee8a51da30ed74bcadcd7d8e43537,4.0
88191bcb077f725a8c8e37d74e110baa,4.0
d8469ca44fd367ae2aab986a57833586,4.0
e7709791d7ef6b47747de9fb43880d14,4.0
f908d554fc6eeb9fef7a7028fa791475,4.0
e3d37109be4a17d8437f6fcb6072982d,4.0
09fc3d8a98c2ca72c69b63a51b5b564e,4.0
95755a716560fdb802c11f4db63bf62d,4.0
3a31937521e389cbdf89ca01039e5ec3,4.0
9f816758294dec368624eabd3595ec6f,4.0
df98cba64f84c4e8b7f7ea8396f4f3f9,4.0
59758d94cc7ed9a16526bfc9eb207575,4.0
190dfe815683ee977e120d35b3c83b7e,4.0
1d7e45fd568a577b5a6a8b4a20743211,4.0
c355b0e8b04bbed577dcd07808047fbe,4.0
e83fa923d1e185d9c9de13ca3b37c8f2,4.0
498128a80a796620b238d8ad5cd1d2f9,4.0
e2f6c7b758ac2c0476a7e31787dbba84,4.0
618d78d4b354ee08f360d31cbeba7758,4.0
5d4a0085030ee808369a8f29be41e0d2,3.0
81e706ae981fcbfceea2ac547fdd7f26,3.0
c88977d348c943b60eea8f1571e9a7ee,3.0
8021f872c32700d46738f3591cb4c58a,3.0
14b20f972cfa94f77bc33eccc5ffca4c,3.0
e7c1b2ebe360d98adb5916cf208a468b,3.0
9cd758ad7582755a7f52f2b003787795,3.0
4a146c717d33b2f2719e648bd7d22059,3.0
2c47de0940a8213b1ba751a7cd0b649b,3.0
29257519f02c1c9a18622da9a8145518,3.0
cfce45c3a7af608093fd99677d635891,3.0
541947958ad35c1591eb3ef433141196,3.0
a95851baf426c85eae4419617db902a7,3.0
34f493c9b3b75210406fecac2dba0f22,3.0
ef571c059fe495366b01e977f7494fbc,3.0
c73d4cf2ab0b699fb47d44488b82fd40,3.0
f79e815e1e628908e4ab605022b0ac09,3.0
23b560e97aacfd0422ed3f8a1104e7d7,3.0
85943cff5ec22653bc51c22adeabe685,3.0
97ecff3f7c176972f116474e5ab6c635,3.0
07462756d9110f5807f3c8fe7aafae25,3.0
eed50a4877de2fd21b146b4f0c7327ac,3.0
317c0beca40f29f3aff863b8f028fd48,3.0
74c90d4a7eefd3dc3e3a4ec814b8bfae,3.0
524f22cecc9957e9bf629b5fb0047adc,3.0
0e595562ca72e9080d58008dbacabaa9,3.0
fe72a66c85df0ab333e3a37d0332df67,3.0
bc15061b61cf6b5002c58284591f97d4,3.0
dbae1b46b67ad6769ea63d33ed3d44bf,3.0
694caec8dad781d338acf4a5b69c3058,3.0
99acae6a2b24652d92a1ee4cbf8faca5,3.0
8bcec52021ee6467bf008848d55b7a9f,3.0
2fe6a7331192dc6bf073d906fba93929,3.0
30d793622ebd90e7687dd3827701d46e,3.0
32a4d183139d99ace97a18b276d7c169,3.0
26583b57be9de00bee14d30f2dc986d8,3.0
be5ed9c02284fa6aa31037f0e2d93470,3.0
f59aa47df669ef50955ce1a0512d3abf,3.0
254482075b19ff911db5e5cb26817498,3.0
c89812744d8755bef87bedf499bd19cf,3.0
d30a7f0a26bd40402be57831cfa4da69,3.0
8dc69d65ac9e71a130bc6dbeb71d2f03,3.0
8f146ce7c43f38ad3673dabe93c7c5bb,3.0
eb8ef4756ed538fe480d979e740a04d8,2.0
c80037fe31359840bb73250f330b60e3,2.0
a3a69f621716f9345def32e2b5e7b011,2.0
bd759efe26a5b4b869d3fa5e4693080d,2.0
723858f72b4469efb79c323f75bc181f,2.0
3cddab4bea029fcbbcc10619ad7d5daf,2.0
47c7eb4df73a5d553cd2f7a360ff5872,2.0
ad492bcae03f566b36a19e31f04d659a,2.0
a6b6f29a1196cacfc392e3d71f55e2a2,2.0
5db2cf37007f874e25eb2c901917e15a,2.0
fa3729663b98de0c0af7913e9f30c19e,2.0
6546609b599653e22e95c8b6a2983061,2.0
504572e3afd673db749ee5e8e3e57b97,2.0
0e5df3d01cc073e3c9674c2534169f03,2.0
06845c67bc4203081a981200f33e87eb,2.0
46511a96a03c188cefe22864011b3267,2.0
da3328e15aae60ea55a8765511d0327e,2.0
ebcbd71a778e6a1a776d2d50d0801fed,2.0
98d250a339a635f20e26397dafc6ced3,2.0
95dff3e66b8bdf4d8e509ceae4373c69,2.0
b29143b255f4b97da62310d85fe9b7f3,2.0
6d7d9658988c6e2b5e45ea087f1b9155,2.0
502b6544978890cda2ece2d14bfdba01,2.0
ca08eabd09756731f095632656d45b01,2.0
f60068dfe03f3bb75da321c0268b66cb,2.0
6488fe0aaa024ba9c06647578b5a6caf,2.0
14e1a93cf2379225b1fd6ed0f186bacb,2.0
5ce3a51e54f30fa53b1e56dc64d11340,2.0
93b0a9b4bb267980e9ec7235941e4187,2.0
4d987a66ee0e67b68c5c4428097eb22e,2.0
c3fd5b1d03591477953d49f0f19600c4,2.0
3ccb580dd6f7024a6ca3377aaa92208a,2.0
08bd73939f7bfd85daf2eaee7e9c9bf8,2.0
93a769a6b67e5f358eb9ad0e03c53ec3,2.0
654f282fc504b4dc9af5b8e66a4d1a87,2.0
895453b352ae060e0ec5f7721547a3d1,2.0
1830c14ead81ad012f1db0e12f8ab6a4,2.0
