Feature ID	Taxon	Confidence
#q2:types	categorical	categorical
4b5eeb300368260019c1fbc7a3c718fc	Unassigned	0.6120145052321628
d29fe3c70564fc0f69f2c03e0d1e5561	Unassigned	0.5842291844509537
fe30ff0f71a38a39cf1717ec2be3a2fc	k__Bacteria	0.7982259115545792
868528ca947bc57b69ffdf83e6b73bae	Unassigned	0.5819734046641518
1d2e5f3444ca750c85302ceee2473331	k__Bacteria	0.7507660103678068
154709e160e8cada6bfb21115acc80f5	Unassigned	0.5739838421973201
0305a4993ecf2d8ef4149fdfc7592603	k__Bacteria	0.7245524223005604
cb2fe0146e2fbcb101050edb996a0ee2	Unassigned	0.7122367344662217
997056ba80681bbbdd5d09aa591eadc0	k__Bacteria	0.8887793270707417
9079bfebcce01d4b5c758067b1208c31	Unassigned	0.6945346008729728
3c9c437f27aca05f8db167cd080ff1ec	Unassigned	0.5723863961727467
bfbed36e63b69fec4627424163d20118	k__Bacteria	0.7978756780880842
90d32ffe026535b392c0bad850f213c4	k__Bacteria	0.9054486696800028
d86ef5d6394f5dbeb945f39aa25e7426	k__Bacteria	0.826732795884649
ab4ef4399912b0507d8d1187e874684d	k__Bacteria	0.8279105476402528
a049763053c277b16c2a318f41eb23b4	Unassigned	0.7334922960185968
699071a4a7ce68918e4cd93a61275ecd	Unassigned	0.3078083899449161
cdd14cce4ec44b3235923652b71e947e	k__Bacteria	0.7612287684597825
7e598ad34909a3fb8ff1623f1ede11a6	k__Bacteria	0.8176410267959183
b44621e5c80607cdfacbf7a81e1cbe41	Unassigned	0.7354657572265901
e8e6b7fc969005938de8ac7ffb94f17c	k__Bacteria	0.8873523320216086
535696cecf56f03d3401d7d6dbe66d7b	k__Bacteria	0.8434876923314016
44ff26d8105cf822417b4b0c4eb27c02	k__Bacteria	0.7472182875157869
f352c1f1efecf483511c2270aabd0ae6	k__Bacteria	0.7232538800468549
9f718b8f66b79c3de80546ca9a54539c	k__Bacteria	0.7233313917383728
fd86856409fe6433d719558a30910515	Unassigned	0.37430387442897617
909755d7142ea53c7f61c97c3586f26c	Unassigned	0.6720753380832017
ad41fe8f8be5b01c96549309937e3b14	Unassigned	0.660073135006612
0160e14a78b18b903618f11bc732746e	k__Bacteria	0.9125777305696225
fcd4f95c05b868060121ff709085bf21	Unassigned	0.43287132898719216
047b7fb62a5e9d2711e639ae1cb1519a	k__Bacteria	0.7179839204769582
57b34afdff2e84fb9b0befd219edcb38	k__Bacteria	0.901888630745416
ab6b063ed43d8cb3008e157a0a305c47	k__Bacteria	0.8608959881900019
d2613a43f4ed1dda8a673e7fb251ebef	k__Bacteria	0.8569256971887967
e31b5affbe5e23b79a8619589f3b6620	Unassigned	0.661500505091579
e7c8b8c8fced8eead4b767bffe6dd544	k__Bacteria	0.8492482634202898
b1e22f094d8c64fb56dbacf680dab8c9	k__Bacteria	0.8387679021908847
67e23140639733766b7e127f50221289	k__Bacteria	0.9218880168563864
7dd9c9124ec3f118a6cef1f0d422c011	k__Bacteria	0.8529268247608727
01e0b7ac306895be84179f2715af269b	k__Bacteria	0.9429162286331967
500d6b485cef4c52aad211d6d6e6dbc7	k__Bacteria	0.8079240291255142
1685b25b43eb070cd7655de8c2d8c0a4	k__Bacteria	0.7954974430554623
d1d750ce3b00503c204516d27ca0d3b0	k__Bacteria	0.819489447198639
db793caa585e078770021a7979ae8ea2	k__Bacteria	0.8142378256719132
f35ce9c514e1398308f5f84ed50b260f	Unassigned	0.7098492098025366
ee0fb26fca3afb05e0b288d6fcab899e	k__Bacteria	0.7838261562280168
b685f8246fb6fad0fd91574c444b8f51	Unassigned	0.7191764993331862
ebe0e9790089ad4f40151cb4a3231a8f	Unassigned	0.6795485167443702
fba3d9b3872ff9021d66434323fb9565	k__Bacteria	0.7264064105335672
636c27859c1ac0a7994ca8ed145d03fe	k__Bacteria	0.7690793861749667
0a69950e803a5d9e7166c450e44f43cf	k__Bacteria	0.8126591815924308
79e9e337b10e2d298bb1b3bde946782d	Unassigned	0.6587536402002543
d8e8459398f3f096775f4298666880a7	k__Bacteria	0.7889949239520673
e5c80b4a23b96b2fa35b6da6cac2bf73	Unassigned	0.6947866091524686
41735c13fb7f63db49b10fba5d959ce3	k__Bacteria	0.7351501843728809
9118606a87ac19f8d041da20f16f3236	k__Bacteria	0.7682434997218375
4fdf8dcd9451f5742982d716fa9f0536	k__Bacteria	0.8814704709348796
ae27459b7f5465815b1f565d792083ce	k__Bacteria	0.7637919768524281
4ea5683e2c2a183c11c45dc8fbd0c67c	k__Bacteria	0.8268018413542799
54d098d009b89779530eaf43a1bb136a	Unassigned	0.3310706501479904
469e4ff2129066178b74b112829fc03c	k__Bacteria	0.7502191058818136
41fedaa9200e2933821f84ecdc0b0772	k__Bacteria	0.9077565634931998
76174505aef45f134d8068d5ad2c42aa	Unassigned	0.31712348220364617
6edca9464612efff71d8f97299f01663	Unassigned	0.5964596311809361
b8afb7bb30b7a9170b7c6dcd40251d54	k__Bacteria	0.8288164659238224
4c4606a3dbb4f5b8bb1ad1db6dfc5617	k__Bacteria	0.8083345621134059
3ef461f213bfc675ddf0b1bfeef2dc52	k__Bacteria	0.7012167460967013
1f50ac250618ced095a2a5c34bae7651	k__Bacteria	0.8418021061231986
b3d4d129c955517b446df657236ba5a2	k__Bacteria	0.9041037761899661
fc15824cd9e9c29e1319d32843452b54	k__Bacteria	0.8355999454199547
b2866fdca13681232057e3e85a1978cf	k__Bacteria	0.7244394791137341
f8f937eeee7762f446a0e87292f98eb6	Unassigned	0.6087366177518791
fc5b641a0b0408d99ddfb2a5ba64da59	Unassigned	0.5971395657928213
e0472171de6fa02a1f58e392ad3d000e	Unassigned	0.7413093666342312
2514cdaab96a1a42cf15506f2ecf6439	k__Bacteria	0.8443245602879393
052128d7d424728578efe7852b0afd0d	k__Bacteria	0.9207650487362499
1b448e00c078f81e49a61933072345d2	Unassigned	0.5616948510438342
958bc15b660bce0b894665d13f910f5b	k__Bacteria	0.8828721626322471
e063d1c3c9daf7390e5475e48d9b01c5	k__Bacteria	0.9400959160477763
162ed46308ef9dd1600fb0fe7c90b186	k__Bacteria	0.7821693966864295
2e55763e77234a7bfc3a311067a0c7e1	k__Bacteria	0.7566811653897386
f8a71161ac98c5ceafcc75e57ace7230	k__Bacteria	0.7260462551406892
5ada68b9a081358e1a7d5f1d351e656a	Unassigned	0.8342508071064049
9af77e369d2ba4b3bb6e0e808ed84d91	Unassigned	0.4876650802939152
e737a3a864791ec52f1398d83786f4f2	Unassigned	0.6502337526287278
79dcabe7f92f8cf2723b796dcd2f239f	k__Bacteria	0.7459493166954192
e77bac543df42865af751a32a2942fdb	k__Bacteria	0.8616231087861222
81351ef6b4d49a3a6b2fc24745d70305	Unassigned	0.6783222871230614
26133b4163fdcd22d86f4e04e74154f1	k__Bacteria	0.8861031280121037
26b8b1509edf09c438db1634308c3c90	Unassigned	0.699528031613114
29a92aecac56c855cbfc0debf9bda0c8	k__Bacteria	0.9213793952685335
c4aad64f84f51ff331b986a67af4ed3d	Unassigned	0.6739497555329159
3ae3e825c5e3862af6c17798e2b40a37	k__Bacteria	0.8148717018809045
839fafb762395fab1ba257442ec29e7f	k__Bacteria	0.7933629742277929
880968796af86b3d6270c228fe8e7026	k__Bacteria	0.9198051361807162
7a5d5e6f85da7ca91daa2d803e8f9279	Unassigned	0.686529663137253
5c82bad13c4ebd2ed1bd23a8c2e37fc5	k__Bacteria	0.7189995005236044
401d7866836c54f3cd18bd0fc814885e	k__Bacteria	0.7589336228537757
6b82e6cb771d45d6c925405b66299d7f	k__Bacteria	0.7582730469010283
75258a676bcd7e73c2437d6a2012d490	k__Bacteria	0.817195723124646
f59a4d48a03cc224462bf83e4d4ab126	k__Bacteria	0.8783488826734208
f91c81859bf6eede55eef9c915dd8bab	Unassigned	0.6751438898168705
684721318896ed01048f3502333c214d	Unassigned	0.7247583279765784
eecc4a4317225eb579540e82ab785716	k__Bacteria	0.749577538829334
a895b66cac813ac67ce1c908259b646f	k__Bacteria	0.8778870417939114
a4c08e2c3a34038ea877b16d01736837	k__Bacteria	0.7840460746359729
4980b85712efeef1fc4563a9a949fe2e	Unassigned	0.6689518067693117
2ff525a1e58c54525e7f2d68a6c0b23e	Unassigned	0.7203081245221337
0b925631436d3775231b60f9d0011cae	k__Bacteria	0.8809152968027877
acfe4c003905a7074aeaf385b78ad9e0	k__Bacteria	0.7903204588246532
5601f094afc823d75ccb34440645a99e	k__Bacteria	0.7452113170403698
d781fa7e866ac295ce9a56bd97912983	k__Bacteria	0.8433291154683433
4075a90811bf9c19f02f5aa2ece6da37	k__Bacteria	0.8333550997455501
a5551fc60aa8bbaab737487552ea2a75	k__Bacteria	0.8906271773845729
4132561a08d25757e4bee9f73ec4a70a	k__Bacteria	0.736123529492957
3cdd97ba69a504117de24626ba790e96	k__Bacteria	0.7343694075917677
f16a387e898dbae6432b2ed0241120bd	k__Bacteria	0.9042638860677147
ff3df50eea7490dd794148649c480fd3	k__Bacteria	0.8757292299357847
3125abe90c7ae91aec06eb104d71845f	k__Bacteria	0.8346477230644029
3bf2fc236887eda11c969b84d30f9fbf	Unassigned	0.3004699801084012
a659784c026bd9c8cde94da36aa656d7	k__Bacteria	0.757185271049076
56c98126dde3abb2d263088db55e12c8	k__Bacteria	0.7890566050779292
21a0198d0a83a8f3ec0e401067138940	k__Bacteria	0.9023861752952695
9d3ec96491b522546acbdfa3b21b6071	k__Bacteria	0.7892930251992905
30faafef155964edd9db9374f36c45bf	k__Bacteria	0.8282255244887872
b383ade799e9c83c649cec37705a251d	Unassigned	0.6529229812105424
393e6e2cbe258ed27a4ca0a2ee0d2cdc	Unassigned	0.7168458982657029
fb4f7d9d3f91ac2f22a542fbd13019c1	k__Bacteria	0.9291302755663097
8da02c7114ba0d9ee40312926e037a8f	Unassigned	0.30337855967881555
1d17561d16d803f652b0d6bdd671c1cc	k__Bacteria	0.8864619112043998
3982159c2603cacc4bc4893003bda323	Unassigned	0.5961649231463071
b0f7e29de400c6b517b39230dc1b4365	k__Bacteria	0.7725436947463001
3a1c2d5547ddb7f76306a042f8bef6a4	k__Bacteria	0.8845429484536412
724c43ad3632cb8c5c6230c874551bd2	k__Bacteria	0.7396924663572161
b92e89d105e0a6e09e5984879c4c7809	k__Bacteria	0.7234876820014586
a5df9a825c3d8eeb228a6781c3db134c	k__Bacteria	0.8827592338410944
d46bfd723f625e317606ae28580eba3e	k__Bacteria	0.9007821776417495
e8fb2b3d01d369dbb5d3764548193ae9	k__Bacteria	0.7191430222091586
87899779aec8d38dfaf48d895cfe8021	Unassigned	0.6101857792130019
7cdabbffaaa6cc6d9f478d91f312a8ee	k__Bacteria	0.7605792820273043
145f11599b92ad3a4c93896b0edf8c0c	k__Bacteria	0.8697096035445541
475741f076c42d2c75d2d63c14fe4d3f	Unassigned	0.520407755316615
1d284bea12006c939c03d622ce2abd5e	Unassigned	0.6304814898483251
c4f955168102011d272b685aa772c10a	k__Bacteria	0.7805163270905998
24443b70088636edf08f0c9572d7faf4	Unassigned	0.7317998701660966
7eedfc5c8d0d6b8852fabb20d52a8c5d	k__Bacteria	0.9196371311688933
185df2b73b4805164470dfaea2d05223	k__Bacteria	0.7991875502291402
846cbaf603b77be035fe0cb61d14a23c	k__Bacteria	0.8388878386985404
513de43781dc4c2831eb83b23940d66b	k__Bacteria	0.7187178010670555
bb370945a6777f712cfd963c55f2ff54	k__Bacteria	0.76880555950169
91d0b3b7c0329b9a164b6e04a181f1d6	Unassigned	0.5927302677487946
344b020d867e3210563eaf40b0c557ef	Unassigned	0.6557490786932889
1b963d0d7457ac133aed9497f03b5a64	k__Bacteria	0.742385670558381
136e9f5aa470119165e59d202fdb318c	Unassigned	0.7515130470461033
2f4c5e75c0e4cdfcbddbe93ef1f410a3	Unassigned	0.3688994790129103
59fefb91cc66ef6930b0201e4bf24cbb	k__Bacteria	0.7916354875537543
4ce1be9cea00a1eb7f960600e1ff3cfa	k__Bacteria	0.7835003836492042
f094a383692eb30761eb3d5c93240236	k__Bacteria	0.7054766098773256
44543d9c6bb193c64d38c9bdb6790eec	k__Bacteria	0.7398883024189211
1f0a072da4906270a684a389c1586582	Unassigned	0.7336717304860358
aa668eb01ca9dcc59aeb1454b600c8c8	k__Bacteria	0.9205510601931706
626b8ee112be0ec208bb16445611d001	k__Bacteria	0.7524032897897476
c99439f78b73ffcf55858ae828aac608	k__Bacteria	0.8605453616470905
cba5f5b1153235425628bd77a28257c7	k__Bacteria	0.8760324382492171
d3e265209c342d15d93a910e38ad9be2	k__Bacteria	0.8216663115698936
8cd2a871fab61bdea4ef23a295c371cf	Unassigned	0.6537013049298919
9590aed21545774c71a124f2b5200691	Unassigned	0.6410376264786817
84755bc954af6d3b39bb4c369e5992e7	k__Bacteria	0.9405205293669489
848587c4a03949500c5815bd6edb7b6e	Unassigned	0.34144539193041057
3a69cb2f27ac76a05405efbb5088d249	k__Bacteria	0.9395637984210375
1b75626f6834620dc2c729a1a81f497a	k__Bacteria	0.797434046281142
5437cb1c86c72638cbbc12896f88d1b1	Unassigned	0.7439767518912408
c5b61a414bdb4305544bb4f941e0bfc9	k__Bacteria	0.7302452477754512
4b8228f4d7d3809aa6827e8d9e11a9ae	k__Bacteria	0.9196575286763317
6be3ad080a12e28c46c9ca4f94710ac7	k__Bacteria	0.8097267841719501
49232f27012731b0a65805c0919e2bbc	Unassigned	0.6040163086674148
2fa276cce32e900f0f68d30e460b8f61	k__Bacteria	0.8455609046400391
24523c45ca39b6c81a01ce286c0c092b	k__Bacteria	0.8165269447580478
f023384b8f989d014dd2ead7f10db307	k__Bacteria	0.9213847353076529
16564bc936c839c893f951bab613a30b	Unassigned	0.5313193146723916
dd7e1e45831871f719cc3cd68f568e7c	k__Bacteria	0.7065706892957228
fc1f49989e78fa71bc6404ff2a148576	k__Bacteria	0.8819458140459591
7dd981802694dec3ecdb61ee53805956	k__Bacteria	0.7952220186108803
24dfe6a7325e4f2be7dbd522ef613e42	k__Bacteria	0.7986987497692231
b8b19c4f0719a5d5b965a0f50f05827c	k__Bacteria	0.8253031093570112
51ddb685cfb1775931489ebbd3eef6ca	k__Bacteria	0.8527937063523806
14d168c89e381de6fc3091837a557e48	k__Bacteria	0.7954296333438027
b5bf6383b53e0add0d6589b73949462a	k__Bacteria	0.8124737794132545
4a5387c4bc61f2d8f3d9d2de983ba556	Unassigned	0.5627324920514656
9b0549bb6e63f681bf133d2c7996055d	k__Bacteria	0.8498976648095453
c18826df5af5da174f580164c805a38a	Unassigned	0.6783591867096613
67f9c74eeea5a4609bd1d2fab66ad3cc	Unassigned	0.7459356778148278
3e2c7eb0316409806267a8d9845b0b13	k__Bacteria	0.7947033844532915
465e9cab9abce306c1e0f7459b325c33	k__Bacteria	0.8370250814238545
9616cf56be891f816aa7abc6a13c9e8f	k__Bacteria	0.7883128180398173
77a517253ff10afeb78a37bc13d649a0	k__Bacteria	0.7936587702618468
30a88dc67e6a522087c3dfc8019550a6	k__Bacteria	0.9261902412415636
b00d44992702bd3743d7f353638d42f9	k__Bacteria	0.8227541758284679
ed950935b660fb10449d5f229dc13fb9	k__Bacteria	0.8444401430992162
1c7d1f74c2c43b872972f974eb196915	k__Bacteria	0.7648950475210788
126d3c82f184c4d9058cab124f287968	Unassigned	0.758908434406041
0bd7addf1b999f01ad58fec8412b8931	k__Bacteria	0.8462461275820446
07b2b1c3771f46d82c90b20a79fb3d04	k__Bacteria	0.7777129721390209
ca96b8fd01aa6c508305bacac37da6c2	k__Bacteria	0.9361515903219432
01b99cb344ed2530f7d80897ffe257a9	k__Bacteria	0.7499426514215414
fea5c05e9b8245c5ca46f6673f59e0bf	k__Bacteria	0.8471406829387964
32875774cffdc8c820f91d8e86f9a0e6	k__Bacteria	0.9207939237454305
ecf9eb9fa3970ff27a221e626395c75d	k__Bacteria	0.7373696037699726
0c4b17f88dae47697d3bceb3663f47ce	Unassigned	0.7677412148629045
43a9c44adeac51fd3ab95081da56d02d	k__Bacteria	0.9186280699815157
e7a3af060bcc6686986ddfdf5536fac8	k__Bacteria	0.8601732564464607
9f1913b781d2cde1c8a4c57b7dc2ab83	Unassigned	0.7335208149791177
063fa4f5a6fa894f7f8243468324ac5e	k__Bacteria	0.761903792057329
2e202c4e4e803dbc6d54c9e3117afedd	k__Bacteria	0.7386151596220148
96a7dbb0e2c57e289c05b82e2db880be	Unassigned	0.663800795052052
38aff035451e491e5905508b9a173fb6	k__Bacteria	0.8429369959714705
9e1c6b703a4312cce306c7757688a351	k__Bacteria	0.8852334629620027
62bf37c50994a06e6c8c93355ad1caa0	k__Bacteria	0.7903866118172072
4b13979d719e78a50cb0eac34d72dec1	Unassigned	0.602524868860147
1edc5497d3daf6d914427d32b71daa52	k__Bacteria	0.791984716222582
dd222108ed685d6a936d2011ea220998	k__Bacteria	0.8113263328935957
7f99061140cbf6c9081a204380efd8e1	Unassigned	0.6217023571191546
ae881162d813e498f40bf33b8e42d54a	Unassigned	0.7833081768469875
201b6484b6abe3d4c587464be6cbd574	k__Bacteria	0.9548423473307788
3b65e1db6742cc44493248fff266f564	k__Bacteria	0.8526040286399251
10710d3d706451c3536228e4b7d146db	k__Bacteria	0.7842549385319761
823698689031b0b9c2c5152f92ffc70f	Unassigned	0.7456664485634565
2ca928ad9749bb9726c35d6528fefec1	k__Bacteria	0.8421343112714176
da247df6fe91b74bf38d3ecc1c05b4b0	Unassigned	0.6621106904717826
d8f7f446987e67092b6256c10b1ee69e	Unassigned	0.6445600743443788
0dcaf9358eddf685864afb883cdf2363	k__Bacteria	0.8208230774958115
8b111e12f8f73205bac732c7479a97e8	Unassigned	0.6601031963712475
5decdad9c550489629ce441d32a69a1c	k__Bacteria	0.8017344429291875
cfe4948493ea1b183b006512be10924a	Unassigned	0.6351568103948102
4fccea69a702bcb90cc0147c0fff2995	Unassigned	0.5505734590672651
a0b0961c7ba318abff3e5a93f09f495e	k__Bacteria	0.919828687675942
54a5af5112600a1faf06be268f95616e	Unassigned	0.7016262323396799
54b4964000ad1631e547c46a828ed1a0	Unassigned	0.7293915704261186
ed75725613954c459019eec50b431f9f	k__Bacteria	0.7892446103198594
dab4d3e6078cfc510502a47c98e82081	Unassigned	0.6902806279088595
aadef7fba5a0754fb631409c11fb331f	Unassigned	0.6736494875475159
c04b03fdea7f81c8c52fc540c50a24a4	k__Bacteria	0.7067459839720341
53729ba7429e5bd2fe96229b14452bdc	k__Bacteria	0.8299754213512862
50e96bbd1a8267119529843a1acb43a5	k__Bacteria	0.8336180784690337
6fea19332b7fb980e2124d0339c596c2	k__Bacteria	0.7689860027474251
ecbf086d6ccbe5e8c2a69d0afb144662	k__Bacteria	0.8322323529159481
9acad60e1ad588fb9250aab68dee645d	k__Bacteria	0.8063647278173588
9da7a39de7e82006cc9533681adf765a	k__Bacteria	0.8441426186878732
13692c41b4bf5d577c28c278caafcddb	k__Bacteria	0.8000253772728766
ebd1dcd162acede67bb633c42c7b2ac2	k__Bacteria	0.8160384539313523
80b20e907aa4fcf2309796bc303d151d	k__Bacteria	0.8688114862188263
bb173654871d294466912ef22f685faa	k__Bacteria	0.7442105970651305
f9bc8716f02b0a22f03b1a686895aae1	k__Bacteria	0.7085976887201862
58946a0b64aa351fd8e7b97d02d6639d	Unassigned	0.7110189009700616
e54bcf1c8ec24811e7c355b8d82fa59e	k__Bacteria	0.7519611140799586
c57b70d65a63c4bf9f12c179c2416839	k__Bacteria	0.8720744318955507
955d8fcbb35e8bc04c8df0c6aae34d34	k__Bacteria	0.8667258215338915
3b74a95b189e134bb34c191b7693455d	Unassigned	0.7401604253275251
66a605fcdaa020dbdd6136f241ea79d9	Unassigned	0.6537354534428026
919764896275058362e55f0849d2b38b	k__Bacteria	0.7742624316882519
b428acd97e6af974db1b053a2bc2b5c8	k__Bacteria	0.7659798771951136
f3194c2eb241f821239009ca55dbb30c	k__Bacteria	0.7318590864414765
39b5567d2d979a9172c02435a5ede59d	k__Bacteria	0.8046686323791902
101968ec709b68fcd964a68ff226dcd1	Unassigned	0.6570582546202139
2de266b1ffa8e9ec6383c98096caf8f0	k__Bacteria	0.8520294034491481
3add7df323955b22d1cea664ef38165d	k__Bacteria	0.8765097318153348
5df503c1ddf8f3f4ac9e49e983e3d7fd	k__Bacteria	0.7803195917355572
e73fc2655e1cca4a2b1c419da3630c72	k__Bacteria	0.7052085475511002
95f07780b7e9b8b504c2563e63950663	k__Bacteria	0.7167295478992026
956d0a6f5a8e1d2fbb39df909cc14894	Unassigned	0.706011855836872
7f4909ae8d31a3995fa2c200c690a21f	Unassigned	0.3092457863589766
a1b971c01ce0b220275c218adbe717c1	k__Bacteria	0.7457633484084991
e2c355360209f0b71b70b85ed0f9532d	k__Bacteria	0.8789944425477386
58d6cee566e26e231916ccc2093ae053	k__Bacteria	0.8321031268317124
1a4ff0ff25ff4e919711422c2f605519	k__Bacteria	0.8803917385451311
bfdc8d2e7693336b4f3781920d3fa253	Unassigned	0.7013969354314566
88b4862756df007aa0c6bc2ba049708b	Unassigned	0.6198356024934475
498ae808db957a63e20e836e1bf77f54	k__Bacteria	0.8421969697454035
41cb0c62655aa8da8968a06cde0f14a1	Unassigned	0.674905225606523
6be678de197b54f9a04f6c984b91ef22	k__Bacteria	0.741062039130157
868a4fe285b85fa1b8eb40071d5397be	k__Bacteria	0.8292300317035051
5a02c9985adcd7543dff8c846cff62a5	k__Bacteria	0.8600931799720707
28560cffcd31045fa07dd88557b43e05	k__Bacteria	0.8775947795517341
30273eb317696f87e7b6fd37ada4bb8f	Unassigned	0.31827588231350357
c9a1082e87563e01347729352358bbcf	k__Bacteria	0.7839383538950314
a5185df881810390f29afa3ba3ccf522	k__Bacteria	0.8109191021219355
ba0941f03086680ee946a10dfe90cf12	Unassigned	0.7401500730972204
1c40ac02c49ea9e03881b0f183373417	k__Bacteria	0.7626188217516796
3f448350064694e647b284259bdebb91	Unassigned	0.5548990730572516
816b94bcd935ca38afe71fd1e3c5356c	Unassigned	0.6821427607495321
7fee9350277038eef98dee70b4190563	Unassigned	0.6775165459707871
0f55566622d8244073432b2e67b24baa	k__Bacteria	0.823367312113431
34e40677eda6fb724e9323b0835d5ab0	Unassigned	0.32116517424081015
0be23adca941c1335eb04db17dc66e98	k__Bacteria	0.7821485457174618
acba6a53153faccd2c02a9c0e8a2d941	Unassigned	0.7519056818340261
68c05655a58355526692d3a1f0968aff	k__Bacteria	0.8551131796543239
c9f68eb27669d95f1e365fc085b51ee6	k__Bacteria	0.7759465911161277
ce0a68ef210192a51f60ec3eb8e3e92e	k__Bacteria	0.725440643263088
1a5ff65c7f309159df626f810d96ae8b	k__Bacteria	0.7889429233034385
4cecaa1cfabe89a905940ae23dd94a64	k__Bacteria	0.7583754532196274
30ebe1a33c21c25c55e4fdbb5894b832	k__Bacteria	0.7673221403088636
48eda83fda558aea8fdd32b9c8dfff98	k__Bacteria	0.798055649838476
2b148d88c49e316f85b6e7863089a886	k__Bacteria	0.8280443250861989
aee707afe3847427a6d3d34e31437923	k__Bacteria	0.800743955002901
e2f0caba18b002ca9762ed56167c6188	k__Bacteria	0.9450212140086521
955280212814a2050dd2f640e10fc25d	k__Bacteria	0.851905078692096
8659c05e82a2d1399cbc3fd26ab938e4	k__Bacteria	0.8483751694307363
7a20f7055ca2c7462cfa6a7aef16ec28	Unassigned	0.6290740903729909
7f2aa6f3481a4039dcc8d1b8be32beb7	k__Bacteria	0.7848306694533421
f0e16b2961cac3985938413cea00eb14	k__Bacteria	0.8527350811413248
a70441600c181b747a763ce5a7414a3f	Unassigned	0.6102961873215504
5fb5ace22c46fefb30969da7bb0dcb74	k__Bacteria	0.8188313129124661
c2562f279f2b32428e71ef8e8e1cd3d8	Unassigned	0.31412563511765823
fe98555e63f547c33b3987391cd34d5d	k__Bacteria	0.887124809196145
aa9f89f9af07d53e077462471423f3ab	k__Bacteria	0.939627592009875
bfbf3b84b315e741c4345ebb43e2b9cc	k__Bacteria	0.834622099984221
1f926dee6544b252d38067cc7753383a	k__Bacteria	0.7889057803503166
edacf632dcadc21c328669befafe2af6	k__Bacteria	0.7975030989116099
ee7ce85e38500b28d9d79b63c7fbf9a6	k__Bacteria	0.7185694567273447
3677e15d86603bf0a6bb50f8b010afe7	Unassigned	0.6939516911174338
cbb7ea319a7633cf0917c6e5cde0e923	k__Bacteria	0.7234710129699299
37c7d17f9e371c1e11a0e22b1ce15ab0	k__Bacteria	0.772925662390839
0f2a155a57fe6d0bf34767080706b3e1	Unassigned	0.31008588648493884
921966b15e5f1508e8650d053443c385	k__Bacteria	0.7308295733220714
22ed70e219c67c2bf4e20e0b144b12bb	k__Bacteria	0.828739843438957
de391a8294254c47e8f460325eea85f8	k__Bacteria	0.8265083742044108
d3f59bdb915bb43f2ecd96ad9296ae92	k__Bacteria	0.7879565071197653
072698f9668d5a094cdc1a672acc4747	k__Bacteria	0.9308654531352281
f8026fa73c97b3f69cf4369cf194fb8b	k__Bacteria	0.7775058189914512
1893b0ad352ee7db0f565bc4594e6dc6	k__Bacteria	0.8646873840107263
d51cd90e95b57acb614698dc580759fb	k__Bacteria	0.8238164101237366
55ec4b057c122957d25013675512c73d	Unassigned	0.6010378082216855
ee36a3eb8110ab27b0f3a72c5071d552	k__Bacteria	0.779266536551182
d329ff7ff76454d2282c9f01c2798588	Unassigned	0.306747040503215
5042942b77f5b924b8f8c11de37a3626	k__Bacteria	0.8398625603539035
3bb6760ebcd348e0c695a5fb5fccf994	k__Bacteria	0.7403384686520726
a621ed0faf5f6d7f3ad8f5e66cd41faf	k__Bacteria	0.743512971075298
f32674aec6d3fa6a7aa2323cb35699fc	k__Bacteria	0.8137999988840708
97e0a84031c426df75af82aeff951f26	k__Bacteria	0.7940567503875705
2cec2792e54f61e12e1a0b2507826118	k__Bacteria	0.8511742295628473
8c43291754ba53fa1e206f0ac7a18772	Unassigned	0.3037557095408714
7103ca740aeadee8bdf7cedaefac990b	k__Bacteria	0.8252300122818048
6de4955c509e8f32f905760cad0beeae	k__Bacteria	0.8249516400403747
42872dc875fef6070dfa78984184c096	k__Bacteria	0.8708092340680363
3d6555a4886c6e4a89104136dd5ca39e	Unassigned	0.7927923936234584
74c2326ccd0bc2bd9e0f23f15b79ea16	k__Bacteria	0.7826862330296795
903752a32299a5fac9505d192dc16466	Unassigned	0.6168651264789051
bcb349a220a0c33a6b780dbc29a25f71	k__Bacteria	0.8018230356737593
4516f28133b919f8d8039ece23d8dd2e	k__Bacteria	0.7755150418310984
b8329e527429f07e08f04ecf93563779	Unassigned	0.5194226572341816
ac809fd715cced98911f73f1dfb1ffb9	k__Bacteria	0.8584856359023983
a03aa6a23dc8f296567452ec2242a5fd	k__Bacteria	0.8320648845571891
02ef9a59d6da8b642271166d3ffd1b52	k__Bacteria	0.9133345466945791
55937e5781c91185e27a91216008e4ca	Unassigned	0.7432497128312452
e0f1938338e6f9b8cf8408e672ee6cd1	k__Bacteria	0.7823864777449633
a875cba4e2e4da128cec805cd014731f	k__Bacteria	0.735763865000244
d9efe89c658c7996e7738e1bb777c9f0	Unassigned	0.30497509580074345
3b795f0122b28b0e6a07bec73894acee	Unassigned	0.678566758950703
51757b1a0a985640893725af5d87d350	k__Bacteria	0.9094594173341518
c1dedbc2ee20ed310022b9a1976d56c4	k__Bacteria	0.8261153335077124
7ee56e891d069e18c3c8eb866924a26c	k__Bacteria	0.8383589181281766
8f0a7d866b4e5ebf1e34d0a44eb950a4	k__Bacteria	0.7472852500406384
ce1d8d111ba2aaec28d68a04e483bf3f	k__Bacteria	0.8486095976693632
04c7e0ea3038f942f5a28778a74cd1c0	Unassigned	0.5980698006068237
d30b3fb9c1dc7d9f0d4bd6ce8e975238	k__Bacteria	0.8628319858407217
d8db52dac1023a8fa0e56e92670d7ac1	k__Bacteria	0.7688707586416015
41c686088d124f17c99dcf9bf3acf9d5	k__Bacteria	0.8056502491331874
01ce91fd8dbecf637eb5e67cdab5c5aa	k__Bacteria	0.8367808946775919
c5dfb8aa2b481cb89e2602fc20941587	Unassigned	0.3552167576350903
1c5a8bb80c37a6f89f50467b3dc2c2a1	k__Bacteria	0.7590125107816533
66fb1fc4317badb5dfaec2bf8e5055d7	Unassigned	0.674921816280786
da36821195d462457b39c41aeb611ba1	k__Bacteria	0.8586418407112586
726f76e9275bfa07ccb329dda324c58f	k__Bacteria	0.8339970943201204
1e9fc37a1112b198ed3d0543db7863c8	k__Bacteria	0.8255202029886288
d12759fe8dda1d65fe9077cc1ca9cf28	k__Bacteria	0.726812495388586
c7ec57695a6d83b461eba523752755ec	k__Bacteria	0.8480704922397433
44f993a57b632b8fde0c34ed075e1d66	k__Bacteria	0.7216540157602531
bf155aa205fb8ec2b4a6d1edafbbfd1c	k__Bacteria	0.8449678180493216
cf8a25fe1a1b134a027842e7769a285b	k__Bacteria	0.8409172608085749
b1e686a5c5f127a8b92de2863503a9e5	Unassigned	0.5030591059617602
685ea779ee012329ec2a171f1823f8a8	k__Bacteria	0.7889888614944818
d32d15407d86a2044eead0d72cd3f9e7	k__Bacteria	0.7409505920090861
9dd67b89e90b1517d6fc340bb1745e15	k__Bacteria	0.8772646730493584
8992381f7d3d5af45d162e2f4b38d01b	Unassigned	0.6856023198363592
3597a2689efaf5525ce460494a8ac383	Unassigned	0.7383370123827131
1a8d25f7529d783a219ef689701dd4e2	Unassigned	0.6765970568331916
491ef1635067f62c395bdffd58966092	k__Bacteria	0.9003342068577931
ea4389e9ab5d13210e19dc4b8dcc354d	Unassigned	0.7673756911698918
b1141c1ab18997c3339e8229e0b9f41a	Unassigned	0.3570987655484277
4738a05820f1a7840410c66476953498	Unassigned	0.6181221369382304
8bcc747f27b10bb3e1182fe530c7ed24	Unassigned	0.6435111254875097
459244e45f29ce28991de0114a16f9fa	k__Bacteria	0.8240444544634323
b0ca0d2568c23c26c6704017eae471e1	k__Bacteria	0.7924003194553556
aa24dbd408e5d69c6b0d62846145a244	k__Bacteria	0.7177564153311329
e2cbf79a06f1221cf49d1bef8e5db9cd	k__Bacteria	0.78329657547661
74106ca246bcf2da5c4f95b82aa6867a	k__Bacteria	0.7940475978738205
867e71db0537674539934bf97db51bc0	k__Bacteria	0.9145972976158473
328cf8ca7cded30705336cf036a2df45	k__Bacteria	0.7013978321633431
bb2704c9052362b112da42bf843e7d9b	Unassigned	0.6263911155705606
e80d9134b601511a2702b54268b57249	k__Bacteria	0.9559314215383828
684b032107a3a32f6664dea4ef723a42	k__Bacteria	0.9241847083987269
d9095748835ade1b8914c5f57b6acbcf	k__Bacteria	0.7032314044434986
dc7d3610c77e7c118082f25002f26cd4	k__Bacteria	0.820372732075675
e22afe3cb91239d19aeb01ba79015173	Unassigned	0.7141484137885277
faf2bd479f04891ef2afba2f407749ac	k__Bacteria	0.8996144274590866
d1c7ee5172f16dda522e46aaa4e5fa79	k__Bacteria	0.8303545227716969
12ed71ced0f4e45c0aa5b37144e6f84b	k__Bacteria	0.8233774503894363
3111520c8424a2a5bdd46558ae7650e8	k__Bacteria	0.8674377533021148
9f4cdae8a020a8d9c4f54e5abf5a5769	k__Bacteria	0.7758341231645511
7595e123b71bdae8a8c1c28b7405a5c0	Unassigned	0.585686413424783
31ed03e41d53de58a6348a242165c05b	Unassigned	0.717529108169098
6401660183a33dded59f163fc63aab4d	Unassigned	0.4830321405449969
87a04eba5a3dc45f9e899d8ab4c050b4	k__Bacteria	0.8068168567509131
cbc2f795edfaebaf35d10b85062b426d	k__Bacteria	0.7819184993950266
458462fa1e15c439f12deec2f19af933	k__Bacteria	0.8936733025239468
40f13b077d41d6837ca6fae65763cf01	k__Bacteria	0.7832941981235788
6f384c926424d43c215fbe9337d55324	k__Bacteria	0.7351250563958224
1a2d9f4af510ce624fa0337c3ea9fedc	k__Bacteria	0.8355347278000386
8163d49042bbad8871a7aab8527c9a97	k__Bacteria	0.7957106381911567
0741ae033054073fece98b9948ec4387	k__Bacteria	0.7814721526749938
3d6f762d8cda1915ad93d014e391c118	Unassigned	0.6582204623345989
1ca133f4d30ab344f11e6624e841d9cd	k__Bacteria	0.8004278991078337
6ffdeb862aed8aedda8a8624fa960c57	k__Bacteria	0.736621769347623
51588a76b68ff3041e8b272256df5ae2	k__Bacteria	0.8634344496041825
2ab2f3551b7aa27fd483fdcbaa1a0afb	k__Bacteria	0.8435667023693862
f4eefbd4edf2a372131825289fffcca6	k__Bacteria	0.8481640948254291
678424c0e69dd311d2b536cfd69a91a4	Unassigned	0.7670152449209289
6a9b2745a31a3e5ae16682a323c28a4d	k__Bacteria	0.8822532679132371
d5ef913e6aee3067001dc610ac8af1d1	Unassigned	0.7825249106404146
7fa8f515ee1ac5cb8b529b13e6a89790	Unassigned	0.4046460002015624
ff8c7f94f941a0c647120d4e142db316	k__Bacteria	0.7216228068039879
5ed23cabf504db9af85bce57e9008ea2	Unassigned	0.5824882691573818
7cd67e7e02db4db794fd67ab72755f8b	k__Bacteria	0.8425946977499166
1e00822422afb942c9955cd450385a8b	k__Bacteria	0.734856467364326
a3dc97e11838f1bf157aa875f2f6367d	Unassigned	0.6570125532340492
5c541619c0a084c6609e071895d9de55	Unassigned	0.7488304403081738
160029903cd9c779390f4719179aeea2	Unassigned	0.5251752477088483
f8fe4ee0ae3da9a1432872f5545a0d42	k__Bacteria	0.7708365448085962
752621a2dcf600f86357e9c2fa1fc985	Unassigned	0.6048879569826111
e9f0399c43aff643ceb1480929cf89b2	k__Bacteria	0.8404231486286832
c66348656c079cbbc916b2c2832f311b	k__Bacteria	0.8619110734899725
0e401b8b2b9e6eae62f5293945f5b9a7	k__Bacteria	0.9155500499550593
8c5f2b5fce1b357f54ed4c8c047b6845	Unassigned	0.5320783001609404
33176e81f3e7ef2b9de1b783ff1ca33c	Unassigned	0.7502632984752795
9b07cccc73bd232ffb6edb9427194c06	k__Bacteria	0.8148951445682455
ae4c61e598c093caa5b66b6919f02ba3	k__Bacteria	0.901790849494941
c81e310dae79b8767597762a093082c8	k__Bacteria	0.8557782448105351
3253177a44672689e4e154e842d63e35	k__Bacteria	0.8547372361040391
f351326f9505ffc18da207391818c48e	k__Bacteria	0.8593823519793696
45c36b8b2965484407b8b213419d4c6c	k__Bacteria	0.7925054882753912
4ea8ed64f727e17c2ecf3616119876eb	k__Bacteria	0.7740539889079857
fbf110ef5de76f86121c8504a0cb786e	Unassigned	0.669925848201142
f66effc279917d65747b7c3ef8d62432	k__Bacteria	0.9388753488299731
f0cb0cda97cb1d02169b3d6cc84a235a	Unassigned	0.7411800629239611
99e6b8fa779ca2689cdc55d164e593e8	k__Bacteria	0.8312939722861568
421da954b88f7175953a73ea34b933e0	k__Bacteria	0.8311327444171696
9b959f65abdb6cb9adc1d6160a5384ec	Unassigned	0.35296588918481975
102e7b1caba47e81d5d58bf4d73a6e0b	k__Bacteria	0.7706215146415704
cee164362eb3296a3d29e33f7b479d2e	Unassigned	0.6794237566006455
35b6dde81c92eb7f66ca9f741da3514e	k__Bacteria	0.8477764969851972
a826883ed572461c97a23561f7ecea3c	k__Bacteria	0.8370584907320844
0effb4592c11dcdd619141df770563e1	Unassigned	0.6460799182075655
71e9ece7818452114b1e87f8145aefd5	Unassigned	0.755887120778876
c961cc0ecd0ac693e2fb7dcf7794c3e5	k__Bacteria	0.7695890280986978
9df911e407318b496425698999a1d81f	k__Bacteria	0.9353743946783609
8e934eb5aff8050158c19ac1f93d1d28	k__Bacteria	0.7049219754462731
f99678fdc17d27a97c79faac3f2980a4	Unassigned	0.6351869129870212
e6df6369108817c93a749fa640528e92	Unassigned	0.7037333077813938
1395953fab837ed426f9b2ba24da41b1	k__Bacteria	0.8665444393319468
94ca1389331a3a9230237844cfd545f6	k__Bacteria	0.874958312229565
20fb19136419ba2826c941aa152fa0eb	Unassigned	0.6547142435061524
43e4b46e2ba2455e3974874722cbd75a	k__Bacteria	0.7192944701682928
bf6066f701b31c6bba541503797da013	k__Bacteria	0.830492500813562
4aa8e1c58af1b89f613fe3bf2b81604e	k__Bacteria	0.7454975943407463
816e266d71b9a9af9d3d74893dee443e	k__Bacteria	0.7715802608975624
75a61e0ca465f169e5d2ea2d19f8aefb	k__Bacteria	0.7185395506543629
a54095a893fd5abc045d162bbe20644a	k__Bacteria	0.7362997202897732
025dd300b0ccbd9d5898969c2a1ab138	k__Bacteria	0.8385365970819048
1c0a00b159b2154357cc9bc7499c58b2	k__Bacteria	0.9226443758416193
3f61c9eee7bfb0326d3efb8da077b0da	k__Bacteria	0.8704380856060572
02878fe3ccc81d4c884ca5574178d6a0	k__Bacteria	0.8105344822855801
63145f49e7efc26729094a53d97c0cd1	k__Bacteria	0.8424324372436496
3e7f7d8ab3a5fb0e3401a0fda19d8bcb	k__Bacteria	0.8476262098989161
82e72255267397b777a1afd44ea22755	k__Bacteria	0.8162564118110511
480b52afa972e6deb75357ec39db1998	k__Bacteria	0.8528853167544533
99f9d85c50cec960adab2a3f0f401371	k__Bacteria	0.8375875492022312
b815913c61abb4a540babe5c3fae17e7	k__Bacteria	0.8051902886209615
251eb140eb9387372897c5f7db6f954c	Unassigned	0.6329995022088821
959a178855242ad3833af85d38ccff45	k__Bacteria	0.8488552742784921
a6e9c3caf38d8be5744751bea41aa62f	Unassigned	0.5737199387977013
2b6445815ec98d21dbe9640083f30d2f	k__Bacteria	0.8327669404583535
2f09559bc1ffcc3ea06ae2766194920b	k__Bacteria	0.9211383745224291
9c6b4f83513e63a49ce33a8aeb1813ad	k__Bacteria	0.8945494802406014
a841dd7e2f38b26bb7bb37179b4141d5	k__Bacteria	0.8301583421149824
1e1e0cca52fab68a8c7ba5256aeadd6d	k__Bacteria	0.8509232925228905
a5e8aaab366d42b670d589ada160581c	Unassigned	0.4008522771178349
15992a34ae0f42d6b5a21eeaaef674ba	k__Bacteria	0.7754946035103703
b46e36edac9cab660cec7ee6f1a335a3	k__Bacteria	0.7754097858084985
21c3086fa768008b7bee62d5d13b5366	Unassigned	0.6615978350079765
de35e106a779f81d63e2e058bf18799c	k__Bacteria	0.9142342510229616
7456c5136c45202afcf8000e2a8a01c5	k__Bacteria	0.78520494083622
9d17e47f8102cca1e9a0a5b0776bb85a	Unassigned	0.6538535160499974
81fad06bda8cf753d87288f1d080da88	k__Bacteria	0.7279699448395235
4851a0c86e3c1b3f3c67e88d8a38960a	Unassigned	0.5818060258604782
5e793ed595a0793ab477b17e78421bc5	k__Bacteria	0.7599936711289266
5cb28bd0b2eea6847a6328712217c141	Unassigned	0.746035130894473
9cd30ed12a411f643a9f6c145e3b59d8	k__Bacteria	0.8334567288162825
831514b8b3617bed49e2a4bd9d3d6268	k__Bacteria	0.8381763169873455
5b220f66423e4004eb3520bfae1f25d0	k__Bacteria	0.8967851409496406
457c3dbae079470f3cf0bf146c191e1f	k__Bacteria	0.9168102703494033
1efd43e712291698f34853dac3b67f54	k__Bacteria	0.7467504955235014
53dd9f9a89854c8ebdcfb105b7a26df1	k__Bacteria	0.865389261705712
d985172bebaa0bbe61ff5f682d372c6e	k__Bacteria	0.7594624819763294
f95cdb71258ef6cc222c673ea4546caf	k__Bacteria	0.8993357628449068
7e4d5b19d3213719048fe55dfad0da3a	k__Bacteria	0.822321300453611
ae25381e186978a7230f03484baede7c	k__Bacteria	0.9104050040715764
b65f8931698507015de2e1c5f0961cd3	Unassigned	0.6081137904829288
5ec803f68f3c48cd9ce6436ccbd5b1e3	k__Bacteria	0.8310589765361085
512cd5c8ed8569e52212f6453258c3d3	k__Bacteria	0.7513079354805783
8b300bb35321f8c125cdc4c3a242bbc0	k__Bacteria	0.7542226164627547
b1413b635612c7db2c140bc671789ec7	k__Bacteria	0.8081921733944658
8fbf42d21b6c9c4a4e8e260ad1d6a1ab	k__Bacteria	0.8554058940555326
0f006e3e638afedde4892706134a4fb9	k__Bacteria	0.7067569481046266
f306a3c555687b1dc2c61372504fbbea	Unassigned	0.6787640259727183
bb823ca6d961133b2cd91e9377cefba7	k__Bacteria	0.7432886515097092
8c001c89f020a1b78b26ee21d1d56746	k__Bacteria	0.9323004172945878
1ea96d595539133266a3dbd49daac1e4	Unassigned	0.551469861390643
b2d056fa113334bd2797397b162c6ac9	k__Bacteria	0.8739812823549118
f8753b9f13abb306b57aedce2cf6e7d0	k__Bacteria	0.8297822731346294
e03d5567ab978eb82490f359c51912b1	Unassigned	0.6921596561856881
45b39346c375374b004c94c1230a6812	k__Bacteria	0.8983534919155789
2328e11c4256f1f05395b7a377381279	k__Bacteria	0.8389231142230239
0310f41e594c49368dde5c5993a7a5d0	Unassigned	0.3832081886111619
55f85b9f95aa14453f466b2ee388737b	k__Bacteria	0.7843674484006876
8a0ed62b5a5dac58df317325c4a6eda8	Unassigned	0.7301225275935124
c7312d5390945aa1e45badeeba28a998	k__Bacteria	0.8705019861637228
e6dfd15b38618c3c7ff0a025083f56d4	k__Bacteria	0.7285318688109522
2835a5008083ae7290acbca001520ad1	k__Bacteria	0.7819327769810442
e6953e3ef3e20c6b169ef7a759d868df	k__Bacteria	0.8427713052868218
538c01338d48c71522ac629b17a01c9d	k__Bacteria	0.7461062433192562
76e8305b47ef8b35c452b5490589fc95	k__Bacteria	0.8306524714178882
54fa6da8dff69b9fec4b470312d21eb9	Unassigned	0.7470233363052354
f1d63da515a0c96eb9f7af5de75655bb	Unassigned	0.7358085363388857
73291cac0e802b6a1fb25ae7079390ef	k__Bacteria	0.9210796887542463
5a61388e52a8005b6747280b9332d2de	Unassigned	0.33263941813759035
37d242005eb3c4239ad2c00158ea99a1	k__Bacteria	0.8215522415905875
6967d97d0d19d82633e2d05305850f80	k__Bacteria	0.8190857700044037
72cbf125e17c4e14d748543564d3d4ec	Unassigned	0.639004920525339
b3406cb10b6d6882837eaacbaec3553e	k__Bacteria	0.7783266939652903
bae6b03d63955f134b6e523285263226	k__Bacteria	0.7691296391866002
e679b0af6f303ceecc7058066fd2ecd4	k__Bacteria	0.7257984642431355
7b9b46a7c3fb8b76b1c68911a9b56da1	k__Bacteria	0.8017109201047717
8c12a12aedcd680ab7e259bfd627ff9a	k__Bacteria	0.8278512740550529
01173073677a287321be3484fbed0007	k__Bacteria	0.7511133269442671
0a50155a2def454344e1f2305eff7092	Unassigned	0.5753475006134253
ea646f13713c1f3393a8b66afa03ff4a	Unassigned	0.6713586523088052
7a9e7bd6bd3444b67f37c95db2960d50	k__Bacteria	0.8091389913837405
ca1b627f011b52798bfb8fd2c6b76d20	Unassigned	0.6927711864210853
2b427cf77172293239bc1c1cdb32ace4	k__Bacteria	0.7692527347067473
6fea6a26dbc4de9558be63f26f07f7fa	k__Bacteria	0.8365506817366016
76a673c88ed6cf969ff506fd12b57412	k__Bacteria	0.7968123691950909
84527e6fd16cd72b72cfe68b3c4fba07	k__Bacteria	0.9092064563554026
81026563293d6ed29eec4d7f73eab34d	k__Bacteria	0.8520074299692837
b59d5976acdb148c29f724d6b7990410	k__Bacteria	0.7993742470550087
f7a8c8f87af98f9c5f479beaadc0b892	k__Bacteria	0.7291113001391428
14f2e2d783b09c74ccd36ed32cbeaddd	k__Bacteria	0.7607404852599907
e581d288eadb8d4527694b6fe7aa5df4	Unassigned	0.6928512247538849
33e2cadd9d0b2b4ebeb6261766032e4a	Unassigned	0.5830482991873398
5546d0fe4a512f96a6d73509a1ec6e55	k__Bacteria	0.8659161859584568
2a010fd0ac0d1761c2e64c9cd3fd97c4	k__Bacteria	0.7828843009735927
65fbdc4707be0814fa4faf52571cc2b5	k__Bacteria	0.8176265017121621
5454ea14c70f0323a5e836aba10947b8	k__Bacteria	0.8659008881751501
b8413d82d36f772b9a375231cb504579	k__Bacteria	0.8489328818542069
9abbfb135a6fceeb2ae107b7be7cb133	k__Bacteria	0.805557929669823
e7e23553bcb3b809fe953ff90c99da54	k__Bacteria	0.8742046575719499
d37b36cd780fdec9627c298370571ed5	k__Bacteria	0.7182030847504828
217845ff2f7195cbc781eba1f7e7eaa1	k__Bacteria	0.874592073391675
9c773cfe6cd90b39267153cd9eac020e	k__Bacteria	0.8779488698836435
648532aadbacef2c7f8f8468a6146fb2	Unassigned	0.5749140470289893
04fd81a94c775a5906f2d92cf0548e4d	k__Bacteria	0.8439697472326072
6b350f9f82a39450e0894fe9138ad267	k__Bacteria	0.8516242385900321
167baae5fe04a754df7eb073c07adaa7	k__Bacteria	0.8837717771910816
e1e1ece9cc43057ec074912f7545a432	k__Bacteria	0.8462358851600371
5cf1581a0381cd73e278302acd8751b1	k__Bacteria	0.9169190739834966
76d0a9cc7116aeaa8d26bc09e768cbc4	k__Bacteria	0.7169392106794519
ef4cafaa5121e47ff7f31d5553a66214	k__Bacteria	0.9047631071806758
6c255d739eed7ca75876dad2223a9712	k__Bacteria	0.7951235980879282
4c205b4cc504f8f2b6702447873f91f0	Unassigned	0.5990096771726172
dd9d9aad1de9345686f5cc614c5616db	k__Bacteria	0.8115591120310638
db5a78d9bd70f4cb9b6f1bf2a8262a85	k__Bacteria	0.729666764223457
8406abe6d9a72018bf32d189d1340472	k__Bacteria	0.7652445559815254
12ecd33740955f4f12d78d3db516925f	k__Bacteria	0.7495842423829672
38b8c8550489d7bd6f1ee86984d6aea9	k__Bacteria	0.7826572760573072
63e29d89c820b4baafc3f5622946d6ee	Unassigned	0.6984433989585188
029cc71dc93341de90188b686798aa0d	Unassigned	0.625284270312701
c9ffd432429a7600931358e3a09860f5	Unassigned	0.6438652341764697
b18b389447d758e7cb173b4b4f2ad960	Unassigned	0.30877442739561656
8935afd2b1d59a37191411131d75e9f6	k__Bacteria	0.8999817880754478
124e839582c0a3329101182cb28619a8	k__Bacteria	0.7624820222299464
51b573b10d63a2cbe455deeef5bae002	k__Bacteria	0.8199657409328569
6bd57e46e038faafe4bb747e1d494df7	k__Bacteria	0.828686727070406
c23ddff0e5a041733d633d7bfb93e0cc	k__Bacteria	0.7167298052733448
64222ae4c3f0f1cc06375a3814da355d	k__Bacteria	0.9230360379850182
007ac2c602df5b6ad5d7a3293b682254	Unassigned	0.30756755287322757
d45006a487d94665893aa9e759be4c97	k__Bacteria	0.7686749232348635
533ae9eb2b49066a95e0e174251f1e08	k__Bacteria	0.8763558993435739
f6bb195f075d463c5e9b620a6a76dbfd	k__Bacteria	0.809260972338741
594bd03cc39261727b61dafded2f03e9	Unassigned	0.6305161809519725
2c9e19a0423a00f8c17d8086a8ab39a5	k__Bacteria	0.7246617025539859
26f1b1ff96f049f0e354df4c3d85efb0	Unassigned	0.6331510765644596
171930820a0db82224a948125002bf46	k__Bacteria	0.8562969705888551
f78c2a4fb584f61fc0fbd75c2cc22a99	k__Bacteria	0.8105890072694567
5e76bbf2de9c36c591f8aab3784ffd1b	k__Bacteria	0.8868478220491232
50feebeace77894a50a224bf001c3502	Unassigned	0.5323750084897894
a9e0ac523112f40942da575caf1f386e	k__Bacteria	0.8087422750623096
58c63b4710a70a640cb86afa4d851178	k__Bacteria	0.8504909621466338
9d68bd5a8479880505cf88ab4695b5c5	Unassigned	0.7047485752525986
5c4ad81078908a3b228188a847d12f9e	k__Bacteria	0.7584808314175504
dbd1f3c3e0f401f60d44103595acdb69	Unassigned	0.3402805933502093
b89da5ee2f75672a2656789aea91071d	Unassigned	0.6507912142700174
af12fc27ee17864717830cafd06453cd	Unassigned	0.5938867333542464
6bf95d9914dc404e98ebff522496533d	k__Bacteria	0.8778286760043914
48a6cea7eaf29dcb52dc2985933f4249	Unassigned	0.6047210848266039
4e34087bb8399deb145896c92e1b58a5	k__Bacteria	0.7949357526418283
6b4a0a64da52980e7a1b1a770978bb88	k__Bacteria	0.7801871544770832
3d3566af17e7e52ae5413956d004e657	k__Bacteria	0.8589471725057013
e9849de9c0f7be74e13c457f05177aad	k__Bacteria	0.7859798405493114
a1759b9ca6b3363edacc599498d62b56	Unassigned	0.6193575384762389
0b0a240a7ae19f3560d04427d753b603	k__Bacteria	0.7830249711835631
3488aef5fd36b312822cf490504699d3	k__Bacteria	0.8232700935074384
27b71e4906d6f52cc542d21f4bc0b9e6	k__Bacteria	0.7809365431090771
25087bd679769914988fc1e7c6d045ff	k__Bacteria	0.7384006962643314
0524cb6dcc8f60dafc09c46911c9d0ac	k__Bacteria	0.7419270677987894
6fda1de9604a1be1b99a41028226f4a7	Unassigned	0.3374815675915558
f9686d94e355b66c5324677db52b3aa4	k__Bacteria	0.8053591823554642
0316af109bb877b5c7a85ddecd6dfd1e	Unassigned	0.5549753934979365
0335b1664150f1e151340b1450eae898	k__Bacteria	0.88965070181109
9f6a3b261bc6acafa3d4a6d2de87f924	Unassigned	0.36165095824733184
0bf5530da55bc16c52034db82e5434af	k__Bacteria	0.7871328043735122
9815d07f1b564c9be5aab03db01608da	k__Bacteria	0.765093184485365
5beb76b0d6631d10fc820c2d128d4cb6	Unassigned	0.5512573395680553
5656d8b980bfee07e29e8fc119850901	Unassigned	0.3398223903178269
ab402c6b9fa511b0aa2f968cddc364eb	k__Bacteria	0.8741332302512056
cdf8a49dcdb0256a8ead65f65c752e40	Unassigned	0.7598330759464322
d1dbb266dc8841470f3c42fe8f465507	k__Bacteria	0.831992262662895
3b91757d40499fecfd75d1ad215fdd2e	k__Bacteria	0.7209612135814941
96802b28a3942cb6b7b40f4b9bfc0d99	k__Bacteria	0.8327827153206926
d4c5acaf755ef50d18008aa6c79f60b0	k__Bacteria	0.8966247118667294
a0daabc3e11deb9b43aafbf3c8e31e35	k__Bacteria	0.8996183879201283
e9d3af4175420ffab49c29d1a6bb2030	k__Bacteria	0.9295281548484704
47fb251b4679084fee2dafef11c6bc4f	k__Bacteria	0.7998587584789405
e0a941a7b62e87ae6301bce7185e5f4a	k__Bacteria	0.8289342290848587
eb19aca9a5979db01ba9947baa292633	k__Bacteria	0.7632317731589506
8be3d398e9e6b768ed1aa713f2981204	k__Bacteria	0.8774109134341671
42f7a4caf54667a21b5de3b888213935	k__Archaea; p__Euryarchaeota	0.7036818048782808
8739d8fcb8317edbea6f891eaf71dd5c	k__Bacteria	0.8642611597874138
03178a409a41853ea09a94055e138e19	k__Bacteria	0.7104076647394275
ba3ff6e27b67596844f11db93e44c496	k__Bacteria	0.7477943634926093
1076b2b7de5233cc917c9425aa2ea200	k__Bacteria	0.8726813103794812
a80183c045cf890899121db3bbcbd39d	k__Bacteria	0.788909880980373
14732e0b78dbc03c20c505d7681b6820	Unassigned	0.6096297108439999
4042bf819b2707dcb567a04950667ec7	Unassigned	0.7031358407535335
2a71af2786dfb7aeb7ac7d5372c41686	Unassigned	0.602744910723243
95b94ac4c1c3e18210f501268e56e50e	k__Bacteria	0.7807994693012988
15023bbf11976ca06624ced1d064f9b1	Unassigned	0.6660428864192447
d002269a53cf1579adca5f0dadd4f332	Unassigned	0.5700318290466324
100f4d61f5eaf8fb7369d9583b32ba46	Unassigned	0.5899206465957745
80b9cf8b7fde7d45e0bc84a9cf9ddd56	Unassigned	0.6754833453722263
3b0e180ea70b1a946a6214eacb539c97	k__Bacteria	0.7503480613036283
21b849f15da11a7cc5122773552e0fef	Unassigned	0.7047934742322486
9930e78f4486e70ced513d619dae53fb	k__Bacteria	0.8283943872708374
464ff59b632870b5028ed3092b9443ff	Unassigned	0.6876939372748521
15c03c51375c7d03bd3dda24674b9936	k__Bacteria	0.8161049646960387
a3ebb6445ca32f39df9f84fe48525773	k__Bacteria	0.8796936674046696
47e6d3cd169787ff35f9a2278b8d4a2f	Unassigned	0.6998109364115555
4ce587cb48a13e494e47f3cd2ed13cb2	Unassigned	0.6965057526661591
e3f051168532c89bf76e329c715c35f5	k__Bacteria	0.7705448022795169
111311cc108c483f3782c9214681ed19	Unassigned	0.577117148195884
ff087572178c265e6916ca1da39c958a	k__Bacteria	0.8995819200669526
9584fe0b6843a9817e1c217bb65caea8	k__Bacteria	0.806457430134297
b9e3d6fcb82de619e9e574be03ecaa41	k__Bacteria	0.8477553091810313
35bfc371d940cffdc527b7b4dc954456	k__Bacteria	0.840455130006364
93982d4e0f9eb9a6179d6abd57560c26	k__Bacteria	0.7954569464621931
fc8f87209db793f740eea731e64f0b2a	k__Bacteria	0.8506235544897683
76d2032108822bcfaa90a4873f7a51aa	k__Bacteria	0.8300230083555502
47be834b0f9232d552e00a36fb3c626b	k__Bacteria	0.8701517549212334
90b16eca6a6edc00f49dfb5f72be8b61	Unassigned	0.5598000104567433
7d893311a14a858907d4c8ca21d32dc4	k__Bacteria	0.7357660328375415
2d832109f6396e0f93297efd12e1321e	k__Bacteria	0.851120815569549
85e5b8a5f57afada11822cf92aee7771	k__Bacteria	0.8266938059948655
47fe572ed6a6b1d5f4a60a3884ec72e1	k__Bacteria	0.7652434751617102
77f79d776f3845bc2901cf9c4229de0b	k__Bacteria	0.7116654502230064
69e4868406c82bdfd67d2b449ca9f1d8	k__Bacteria	0.8554749940538279
e7709791d7ef6b47747de9fb43880d14	k__Bacteria	0.954922105500436
f908d554fc6eeb9fef7a7028fa791475	k__Bacteria	0.8948025041362486
e3d37109be4a17d8437f6fcb6072982d	k__Bacteria	0.8538947383112179
09fc3d8a98c2ca72c69b63a51b5b564e	k__Bacteria	0.8080806079110527
95755a716560fdb802c11f4db63bf62d	k__Bacteria	0.9378381912529595
3a31937521e389cbdf89ca01039e5ec3	k__Bacteria	0.9064565715761829
9f816758294dec368624eabd3595ec6f	k__Bacteria	0.8375408945830003
d0dee8a51da30ed74bcadcd7d8e43537	k__Bacteria	0.768278484964698
d8469ca44fd367ae2aab986a57833586	k__Bacteria	0.7460671960693583
59758d94cc7ed9a16526bfc9eb207575	k__Bacteria	0.8059398021506049
618d78d4b354ee08f360d31cbeba7758	k__Bacteria	0.788124257386651
190dfe815683ee977e120d35b3c83b7e	Unassigned	0.6757644308988778
1d7e45fd568a577b5a6a8b4a20743211	k__Bacteria	0.7692304008901445
c355b0e8b04bbed577dcd07808047fbe	Unassigned	0.6411192308725249
e83fa923d1e185d9c9de13ca3b37c8f2	Unassigned	0.7224088366638992
498128a80a796620b238d8ad5cd1d2f9	k__Bacteria	0.8524127148969974
e2f6c7b758ac2c0476a7e31787dbba84	Unassigned	0.7331684729312138
df98cba64f84c4e8b7f7ea8396f4f3f9	k__Bacteria	0.8431770092196518
88191bcb077f725a8c8e37d74e110baa	k__Bacteria	0.7906328896728498
84e6f7df01548135d92febfeae9a1ea6	k__Bacteria	0.861298118808056
f8fee8796e3188a996dfeca9e93f47e1	Unassigned	0.5869304705282679
dd530a50ee0277096b0cbd210cdb80b2	k__Bacteria	0.7169548235142715
5af6e343611d715985e35e7a3e5671cb	k__Bacteria	0.863774716627486
3303a6097cd86f4036af4f8be223168d	Unassigned	0.6420362752536033
033511c7ff4fe93866075cfb9129aa3b	Unassigned	0.8085232554359995
216d5bb567182b6210e2c3dbc455f2b6	k__Bacteria	0.9187219167834295
a9541756b547061c02922f1a3a913fce	k__Bacteria	0.767023066903118
95a90dbbe4f8d552fabaa638d2ee724f	k__Bacteria	0.8590983035615763
059408ca99f1001f64e6df1e06fb951d	k__Bacteria	0.829841318608632
427e48835f176c1a367a14b39b882c58	k__Bacteria	0.8180483701721236
10ae3ca534ce9bb9f80822b4b4a6375c	k__Bacteria	0.8587373768206936
8cfda573467e6a959664801713cadba1	k__Bacteria	0.8152105441633131
73bca1b91fb8a80ee698f1833c073664	k__Bacteria	0.8596883001476049
b61a4c5ec96e7276004c81cc845e2fec	k__Bacteria	0.7905800904718693
514a4ebb290842347e3f7ac7cbba276e	k__Bacteria	0.897211777125039
b387961d274808e3ffed8c1594f4cd1c	k__Bacteria	0.9234643485384538
e1b32002ee69c4e3210a2a257511f96a	k__Bacteria	0.7647200837847217
6e342714744bf1b213ac0767d6c3998d	k__Bacteria	0.9236453589972083
14374c3f2fe75bb158b439ebe4a4ee87	Unassigned	0.6766275741573176
30d793622ebd90e7687dd3827701d46e	k__Bacteria	0.8647777648947323
fe72a66c85df0ab333e3a37d0332df67	Unassigned	0.6809084268966952
bc15061b61cf6b5002c58284591f97d4	k__Bacteria	0.841364955610295
dbae1b46b67ad6769ea63d33ed3d44bf	k__Bacteria	0.8343498633639991
694caec8dad781d338acf4a5b69c3058	Unassigned	0.6531296873190005
99acae6a2b24652d92a1ee4cbf8faca5	Unassigned	0.7012212732392634
8bcec52021ee6467bf008848d55b7a9f	k__Bacteria	0.7967068114257411
2fe6a7331192dc6bf073d906fba93929	k__Bacteria	0.9344129328253349
524f22cecc9957e9bf629b5fb0047adc	k__Bacteria	0.7715528353937793
32a4d183139d99ace97a18b276d7c169	Unassigned	0.6799505649214659
be5ed9c02284fa6aa31037f0e2d93470	k__Bacteria	0.7334477864193483
8f146ce7c43f38ad3673dabe93c7c5bb	k__Bacteria	0.7308216615168112
8dc69d65ac9e71a130bc6dbeb71d2f03	k__Bacteria	0.7929022853449444
d30a7f0a26bd40402be57831cfa4da69	k__Bacteria	0.8882163424541186
26583b57be9de00bee14d30f2dc986d8	Unassigned	0.616616722232604
254482075b19ff911db5e5cb26817498	Unassigned	0.7250659798541692
f59aa47df669ef50955ce1a0512d3abf	k__Bacteria	0.8822135472505965
c89812744d8755bef87bedf499bd19cf	k__Bacteria	0.7875180252122642
0e595562ca72e9080d58008dbacabaa9	k__Bacteria	0.7193740284499563
74c90d4a7eefd3dc3e3a4ec814b8bfae	Unassigned	0.6799923538064068
317c0beca40f29f3aff863b8f028fd48	Unassigned	0.7119470058262448
85943cff5ec22653bc51c22adeabe685	k__Bacteria	0.7837910112958723
2c47de0940a8213b1ba751a7cd0b649b	k__Bacteria	0.8395785746741132
14b20f972cfa94f77bc33eccc5ffca4c	k__Bacteria	0.9357201991537368
9cd758ad7582755a7f52f2b003787795	k__Bacteria	0.8462187018756832
e7c1b2ebe360d98adb5916cf208a468b	k__Bacteria	0.9292674077659653
5d4a0085030ee808369a8f29be41e0d2	k__Bacteria	0.8189140080175887
8021f872c32700d46738f3591cb4c58a	Unassigned	0.6047373135567268
c88977d348c943b60eea8f1571e9a7ee	Unassigned	0.5922252311349758
81e706ae981fcbfceea2ac547fdd7f26	k__Bacteria	0.9013063655795164
29257519f02c1c9a18622da9a8145518	k__Bacteria	0.7723120354812929
4a146c717d33b2f2719e648bd7d22059	k__Bacteria	0.9080151996757906
541947958ad35c1591eb3ef433141196	k__Bacteria	0.7710648546954965
a95851baf426c85eae4419617db902a7	Unassigned	0.3696379353870226
34f493c9b3b75210406fecac2dba0f22	k__Bacteria	0.7814162597677652
cfce45c3a7af608093fd99677d635891	k__Bacteria	0.7560161492600935
ef571c059fe495366b01e977f7494fbc	k__Bacteria	0.8450948191954205
c73d4cf2ab0b699fb47d44488b82fd40	k__Bacteria	0.7197772557319566
f79e815e1e628908e4ab605022b0ac09	k__Bacteria	0.8823709520800134
23b560e97aacfd0422ed3f8a1104e7d7	Unassigned	0.7635698501926237
eed50a4877de2fd21b146b4f0c7327ac	k__Bacteria	0.7937295942034508
97ecff3f7c176972f116474e5ab6c635	k__Bacteria	0.76658208296728
07462756d9110f5807f3c8fe7aafae25	k__Bacteria	0.8540651211147506
6d7d9658988c6e2b5e45ea087f1b9155	k__Bacteria	0.8145235332791835
502b6544978890cda2ece2d14bfdba01	k__Bacteria	0.93934779965151
ca08eabd09756731f095632656d45b01	Unassigned	0.4859868807508615
f60068dfe03f3bb75da321c0268b66cb	k__Bacteria	0.7305222044789991
6488fe0aaa024ba9c06647578b5a6caf	k__Bacteria	0.8399073479768523
14e1a93cf2379225b1fd6ed0f186bacb	k__Bacteria	0.7061129310602121
5ce3a51e54f30fa53b1e56dc64d11340	k__Bacteria	0.7515090337134431
93b0a9b4bb267980e9ec7235941e4187	k__Bacteria	0.8264951867188204
4d987a66ee0e67b68c5c4428097eb22e	Unassigned	0.7013364070667608
c3fd5b1d03591477953d49f0f19600c4	k__Bacteria	0.8005426956206069
3ccb580dd6f7024a6ca3377aaa92208a	k__Bacteria	0.8557280966730708
08bd73939f7bfd85daf2eaee7e9c9bf8	k__Bacteria	0.7678142562533063
93a769a6b67e5f358eb9ad0e03c53ec3	Unassigned	0.46889223258120327
654f282fc504b4dc9af5b8e66a4d1a87	k__Bacteria; p__SAR406; c__AB16; o__noFP_H7; f__; g__; s__	0.7385298989123097
895453b352ae060e0ec5f7721547a3d1	k__Bacteria	0.8644815496071035
b29143b255f4b97da62310d85fe9b7f3	k__Bacteria	0.7487931174758194
95dff3e66b8bdf4d8e509ceae4373c69	k__Bacteria	0.9282468689629335
da3328e15aae60ea55a8765511d0327e	Unassigned	0.6799065277258953
ebcbd71a778e6a1a776d2d50d0801fed	k__Bacteria	0.9052220404726994
c80037fe31359840bb73250f330b60e3	k__Archaea	0.8418023313419758
a3a69f621716f9345def32e2b5e7b011	k__Bacteria	0.8269540854229219
bd759efe26a5b4b869d3fa5e4693080d	k__Bacteria	0.8491737723022168
723858f72b4469efb79c323f75bc181f	k__Bacteria	0.9273658115640004
3cddab4bea029fcbbcc10619ad7d5daf	k__Bacteria	0.8715265829032184
47c7eb4df73a5d553cd2f7a360ff5872	k__Bacteria	0.7981551288081816
ad492bcae03f566b36a19e31f04d659a	k__Bacteria	0.8995413458309949
eb8ef4756ed538fe480d979e740a04d8	k__Bacteria	0.9076559046719749
5db2cf37007f874e25eb2c901917e15a	Unassigned	0.7710334140665722
fa3729663b98de0c0af7913e9f30c19e	k__Bacteria	0.7358256490407088
6546609b599653e22e95c8b6a2983061	Unassigned	0.6795483515596631
504572e3afd673db749ee5e8e3e57b97	k__Bacteria	0.8949272493794742
a6b6f29a1196cacfc392e3d71f55e2a2	k__Bacteria	0.8704938609153304
0e5df3d01cc073e3c9674c2534169f03	k__Bacteria	0.744123042588898
06845c67bc4203081a981200f33e87eb	Unassigned	0.8054109407615783
46511a96a03c188cefe22864011b3267	Unassigned	0.6375938959019488
98d250a339a635f20e26397dafc6ced3	k__Bacteria	0.9149539204611683
1830c14ead81ad012f1db0e12f8ab6a4	k__Bacteria	0.8351199559776583
